ID,gender,display_name,image_url,theme_color,faceplusplus_gender,genderize_gender,genderize_count,genderize_probability
35744954,F,Lapetitefilleaparis,https://pbs.twimg.com/profile_images/3384998804/62a0593d43eb91eae63fb4415490f25b_400x400.jpeg,1DA1F2,F,unknown,unknown,unknown
490602937,M,NFGG_Savage,https://pbs.twimg.com/profile_images/943361011796598784/-TdFrMaw_400x400.jpg,353A4D,M,unknown,unknown,unknown
263855080,M,NORTHSIDE,https://pbs.twimg.com/profile_images/632429274503450624/fjLqMbZW_400x400.jpg,1DA1F2,M,unknown,unknown,unknown
58298964,F,rachael,https://pbs.twimg.com/profile_images/923640122960203776/dPYIMXk7_400x400.jpg,FF0000,unknown,female,812,1.0
46091075,F,Karse,https://pbs.twimg.com/profile_images/708255636534919168/oWOWaF7U_400x400.jpg,000000,F,unknown,unknown,unknown
398430447,F,Zoie Gillespie,https://pbs.twimg.com/profile_images/1853495919/image_400x400.jpg,D02B55,F,female,7,1.0
409695878,F,Taylor,https://pbs.twimg.com/profile_images/935918777644052481/u4exCuqO_400x400.jpg,1100FF,unknown,female,1126,0.63
156332722,F,cocoa cuteyü§§,https://pbs.twimg.com/profile_images/906683616683589633/Mr17Za4i_400x400.jpg,DB0933,M,female,4,1.0
362089682,M,Mikey,https://pbs.twimg.com/profile_images/516605537317040128/2UQQdNxr_400x400.jpeg,009999,M,male,180,0.98
103029510,M,ROBIN,https://pbs.twimg.com/profile_images/618362682/IMG_0254_400x400.jpg,1DA1F2,F,female,1628,0.59
209395423,F,Mitzi Flyte,https://pbs.twimg.com/profile_images/770293086035517440/9pewwcc3_400x400.jpg,19CF86,unknown,female,82,1.0
26502872,F,#NH69 üá∫üá∏,https://pbs.twimg.com/profile_images/809147911460229122/SvJzrzz5_400x400.jpg,088253,F,male,2,1.0
534179301,M,Bekah Mastin,https://pbs.twimg.com/profile_images/378800000701397867/3f0ae076f54878230d6e0b74a49fe5c9_400x400.jpeg,852B8A,F,female,30,1.0
197674322,M,A.C. Slater,https://pbs.twimg.com/profile_images/879070483592904704/0Q_1ur8p_400x400.jpg,0084B4,M,male,26,0.73
52155206,M,James Currie,https://pbs.twimg.com/profile_images/873589189127933954/RXfsnxC6_400x400.jpg,1DA1F2,M,male,6359,0.99
65664359,M,Frank Braswell,https://pbs.twimg.com/profile_images/817919717390295040/Bx86DJ58_400x400.jpg,0084B4,M,male,1565,1.0
16548793,M,Aureo Antunes,https://pbs.twimg.com/profile_images/1378270600/Aureo-1_400x400.jpg,0099B9,M,female,13,0.92
28824860,F,.,https://pbs.twimg.com/profile_images/940757084982906882/G3dmV9qu_400x400.jpg,FF084E,F,unknown,unknown,unknown
44631433,F,Dorinda A.,https://pbs.twimg.com/profile_images/932137248576888833/vtnqmVZV_400x400.jpg,FF0000,F,female,14,1.0
234175799,F,DatDarnDiva21,https://pbs.twimg.com/profile_images/504038746522517504/bnv8rWsX_400x400.jpeg,B40B43,F,unknown,unknown,unknown
242502658,F,Mary A.,https://pbs.twimg.com/profile_images/434930761532076033/jhmTCF-3_400x400.jpeg,000000,F,female,4440,1.0
539329810,F,Princess Rachel,https://pbs.twimg.com/profile_images/924143517911408642/RyYw68Z0_400x400.jpg,F208EA,unknown,female,196,0.98
263766029,F,Munira Kutub,https://pbs.twimg.com/profile_images/494423756974997504/XaY2h9yy_400x400.jpeg,DE9A47,M,female,17,1.0
523144954,M,Muhammad Junaid,https://pbs.twimg.com/profile_images/941053376296517634/2ems5n30_400x400.jpg,1B95E0,M,male,1033,1.0
232376248,F,‚úäüèΩ,https://pbs.twimg.com/profile_images/803970464557174785/jbO63aTS_400x400.jpg,FF0000,unknown,unknown,unknown,unknown
342202689,F,So-Nia üåπ,https://pbs.twimg.com/profile_images/949594833890545670/UbeRHEu3_400x400.jpg,1DA1F2,F,female,1550,1.0
243742319,M,keamhetsi.,https://pbs.twimg.com/profile_images/848929881555685376/xyQNcrdX_400x400.jpg,009999,M,unknown,unknown,unknown
262586034,M,Nicholas Cheng,https://pbs.twimg.com/profile_images/689708970466930688/gAaEryzm_400x400.jpg,9E9E9E,unknown,male,1176,1.0
320559703,F,Aüíã,https://pbs.twimg.com/profile_images/920048631822082048/gem6PdCY_400x400.jpg,1DA1F2,F,male,56,0.59
459499886,F,michelle convoy,https://pbs.twimg.com/profile_images/3574411658/b0b85f8691f88cd34133f85dbf5c28fd_400x400.jpeg,1DA1F2,unknown,female,5658,1.0
290253368,F,Your Ex Girlfriend,https://pbs.twimg.com/profile_images/3785940802/c03bc8bb2c42bfeb83770d5956b4e451_400x400.jpeg,9D582E,F,male,6,0.67
110411693,F,Desy Nurbaiti Rahmi,https://pbs.twimg.com/profile_images/740549503233576961/7jf_cJis_400x400.jpg,91D2FA,F,female,27,1.0
61904747,M,Mr. Cardwell,https://pbs.twimg.com/profile_images/553911921511235584/xFF9liPg_400x400.jpeg,89C9FA,unknown,unknown,unknown,unknown
245145895,F,œÅŒµœÑŒµ‡™∞‡™∞‡™∞ ‚úû,https://pbs.twimg.com/profile_images/587971806528671744/VHz4cfJ6_400x400.jpg,FF0000,F,unknown,unknown,unknown
163757108,M,Kevin Alday,https://pbs.twimg.com/profile_images/912333773223616512/i6o_13HS_400x400.jpg,084FA6,unknown,male,5362,1.0
279638916,M,Iury Mattos,https://pbs.twimg.com/profile_images/947283680657068032/WANtN6UN_400x400.jpg,ABB8C2,unknown,female,24,0.96
382172529,F,Kk,https://pbs.twimg.com/profile_images/3143551770/a15b8aa1affa490ac6029b178aa85937_400x400.jpeg,B3006B,unknown,male,8,0.75
59658196,F,Breaking Bad,https://pbs.twimg.com/profile_images/727153412685631488/Tq3Zh26m_400x400.jpg,F58EA8,F,male,1,1.0
37500678,F,tay tai,https://pbs.twimg.com/profile_images/940343776723329024/lFjBMQvb_400x400.jpg,04D18D,F,female,70,0.59
57705971,M,Ariel Almeida,https://pbs.twimg.com/profile_images/378800000073263403/85272fd3305096f1ce2b73a1d3624e10_400x400.jpeg,0084B4,M,male,556,0.66
31335844,F,Kyee West (8.o3),https://pbs.twimg.com/profile_images/378800000051488535/063b80972e0921c36bf4f52b681678ca_400x400.jpeg,E03EC8,F,female,1,1.0
387761889,F,Davian Jones,https://pbs.twimg.com/profile_images/648945405107896320/Szcfgl_r_400x400.jpg,1DA1F2,F,male,2,1.0
214306796,F,Priscillaa___,https://pbs.twimg.com/profile_images/3588663624/6af8089b9d4b0526678979910c734ac5_400x400.jpeg,FF0000,F,unknown,unknown,unknown
416022516,F,Queen Ashüåπ,https://pbs.twimg.com/profile_images/936653493905100801/gohToWsk_400x400.jpg,FA0505,F,female,5,1.0
379204633,F,Shelby Arvidson,https://pbs.twimg.com/profile_images/928627022125035520/WppfF4ee_400x400.jpg,EBC250,unknown,female,508,0.9
438108056,F,‚ù§ ÌååÌïò ‚ù§,https://pbs.twimg.com/profile_images/943442298691452928/zPtrkjZ6_400x400.jpg,9266CC,F,unknown,unknown,unknown
7521832,F,Annie Heckenberger,https://pbs.twimg.com/profile_images/941306800862875648/BxD7389S_400x400.jpg,7700FF,F,female,1120,1.0
68484656,M,Callmegoncalo,https://pbs.twimg.com/profile_images/2638819860/5a8bfb0c99e616f2a380fca69a88daa9_400x400.jpeg,0084B4,F,unknown,unknown,unknown
337154000,M,Mardatillah S Fasa,https://pbs.twimg.com/profile_images/647546355318046720/_kRr4EIK_400x400.jpg,038543,F,male,42,0.67
340931394,F,TasteLikeCandie,https://pbs.twimg.com/profile_images/2545861786/image_400x400.jpg,088253,unknown,unknown,unknown,unknown
42595145,F,Alice Choo,https://pbs.twimg.com/profile_images/947546376191188992/HYnKcZi7_400x400.jpg,1F98C7,F,female,1414,1.0
580769598,M,Vinayak Mahadevan,https://pbs.twimg.com/profile_images/2220137064/mankatha-audio-postpond_400x400.jpg,0084B4,M,male,64,1.0
525893754,F,Sara,https://pbs.twimg.com/profile_images/1930617867/Copy_of_SaraG_400x400.jpg,93A644,F,female,4435,0.99
327919820,M,Michael V. Bolgent,https://pbs.twimg.com/profile_images/629922371567095808/9-XR9bS2_400x400.jpg,981CEB,M,male,11094,1.0
168806682,F,Ellen ü•Ç,https://pbs.twimg.com/profile_images/859551038931697665/tgYsDsJs_400x400.jpg,F58EA8,M,female,942,1.0
131725427,M,Mateo,https://pbs.twimg.com/profile_images/944453993811472384/vmBL3ime_400x400.jpg,2FC2EF,M,male,107,1.0
462852967,F,Love Trumps Hate,https://pbs.twimg.com/profile_images/911957694696841216/A_sctPI9_400x400.jpg,1DA1F2,unknown,female,124,0.6
136875081,M,prince,https://pbs.twimg.com/profile_images/947328226954760192/jCA-IeH2_400x400.jpg,3217A1,M,male,220,0.98
494252644,M,Steele AHheem,https://pbs.twimg.com/profile_images/833760477729665025/YSIvdZQ-_400x400.jpg,1DA1F2,M,male,3,0.67
25535048,F,Susan Easton,https://pbs.twimg.com/profile_images/2898655896/1bdb2192024244eb8dff74f0d9a045fe_400x400.jpeg,FA743E,F,female,3203,1.0
433523400,M,B.I.T.E,https://pbs.twimg.com/profile_images/2464181149/88jdjdy9r0hc6n3z714q_400x400.jpeg,0084B4,unknown,unknown,unknown,unknown
88647732,M,defina,https://pbs.twimg.com/profile_images/378800000681618159/a801918f4d9fb44147fe4005eac15067_400x400.jpeg,0084B4,F,female,1,1.0
175545109,M,Matthew,https://pbs.twimg.com/profile_images/801187834644353024/K4VKQ7SZ_400x400.jpg,009999,unknown,male,3338,1.0
62716217,M,Antwuan Bell,https://pbs.twimg.com/profile_images/1762579435/My_Profile_Pic_400x400.jpg,0FFAFA,M,female,27,0.85
43990871,F,Te'erra,https://pbs.twimg.com/profile_images/792415186162421760/HnH2pq45_400x400.jpg,B40B43,F,unknown,unknown,unknown
23388972,M,michaeljai,https://pbs.twimg.com/profile_images/904247380693876736/KZG8uSTF_400x400.jpg,9D582E,M,unknown,unknown,unknown
169440697,F,nathalie,https://pbs.twimg.com/profile_images/950051966545268736/Sxk_t6xn_400x400.jpg,088253,F,female,1096,1.0
465224617,M,ÓÄñSchreibyyyÓê´,https://pbs.twimg.com/profile_images/2039773104/image_400x400.jpg,0084B4,M,unknown,unknown,unknown
272526291,F,Aljeanae üíã,https://pbs.twimg.com/profile_images/932605822756106240/wqez1PNk_400x400.jpg,EB0E3E,F,unknown,unknown,unknown
132280603,F,Priyanka Elffrost,https://pbs.twimg.com/profile_images/864623755561025536/jN84FRNw_400x400.jpg,F5ABB5,F,female,214,1.0
83753101,F,Meagan Clements,https://pbs.twimg.com/profile_images/852221682899197954/GrR0N0jd_400x400.jpg,1DA1F2,F,female,212,1.0
346660191,M,Sinedd,https://pbs.twimg.com/profile_images/1472771002/Picture1_400x400.jpg,1DA1F2,M,unknown,unknown,unknown
569010356,M,Brendan Chu,https://pbs.twimg.com/profile_images/378800000477343135/974d735eb8c18a31abd3e863a928c254_400x400.jpeg,1DA1F2,M,male,517,1.0
33886172,F,jacqui wilson saz,https://pbs.twimg.com/profile_images/900709424611954693/IpJwtzDM_400x400.jpg,DD2E44,M,female,349,1.0
201929801,F,blossom,https://pbs.twimg.com/profile_images/949105287109033984/1XNe8D5P_400x400.jpg,9DE34D,F,female,6,1.0
385191080,M,Dave,https://pbs.twimg.com/profile_images/952939714478133248/QbK0Tz1e_400x400.jpg,9D582E,M,male,2605,1.0
143833998,M,‡§§‡§æ‡§§‡•ç‡§Ø‡§æ ‡§¨‡§ø‡§ö‡•ç‡§õ‡•Ç,https://pbs.twimg.com/profile_images/848449564726243328/7OpCdxed_400x400.jpg,038543,M,unknown,unknown,unknown
214476539,M,Anna Fox,https://pbs.twimg.com/profile_images/679923426241474560/sbcDklUs_400x400.jpg,5C1FAB,F,female,4755,1.0
426012196,F,Natalie Alicea,https://pbs.twimg.com/profile_images/742304327260327936/hq-1SOWb_400x400.jpg,2FC2EF,unknown,female,2027,1.0
404697604,F,Jay-z,https://pbs.twimg.com/profile_images/935066803725680641/ywVYpEAQ_400x400.jpg,51ED9C,F,male,1,1.0
468530946,M,Nate Lowe,https://pbs.twimg.com/profile_images/552496233181233152/Qcryh_Y-_400x400.jpeg,2FC2EF,unknown,male,411,0.99
263480794,M,RAREINGTON,https://pbs.twimg.com/profile_images/952311577239269377/MorTzkkW_400x400.jpg,19CF86,unknown,unknown,unknown,unknown
43772589,M,Smitty aka Cliff,https://pbs.twimg.com/profile_images/896390091727400961/hO1bGHfJ_400x400.jpg,1F98C7,M,male,6,0.67
269241471,F,Cupcake Princess üëë,https://pbs.twimg.com/profile_images/950144513867173888/ed3vwKsG_400x400.jpg,FF0000,F,female,196,0.98
325741813,F,‚ú®Shakina S. McGill‚ú®,https://pbs.twimg.com/profile_images/556452104924319745/bEPRnrul_400x400.jpeg,050504,unknown,female,3,1.0
257096790,F,BITE MY TO–òGUE.,https://pbs.twimg.com/profile_images/378800000147176362/2d1f1a8034262ac2eb303dbc3793ec76_400x400.jpeg,666464,F,female,44,0.73
92876067,M,Rashon,https://pbs.twimg.com/profile_images/792351780382400512/a4vOncpl_400x400.jpg,D02B55,M,unknown,unknown,unknown
230217626,F,Aya H. Younis,https://pbs.twimg.com/profile_images/837984967774859264/HLr6KyLq_400x400.jpg,20237A,F,female,212,0.99
230862182,F,Jocelyn Quinteros,https://pbs.twimg.com/profile_images/949782943400103937/MtXaJMMU_400x400.jpg,0EB3A0,F,female,448,0.95
240908984,F,Roxanne Custard,https://pbs.twimg.com/profile_images/441218944431820800/BDXi-OUQ_400x400.jpeg,F0960E,unknown,female,294,1.0
362596542,F,emily venters,https://pbs.twimg.com/profile_images/943840565128462336/_BtdrjVk_400x400.jpg,94D487,F,female,3765,1.0
336208450,F,B‚ú®,https://pbs.twimg.com/profile_images/865340676594118656/HDX_00-k_400x400.jpg,B40B43,F,male,40,0.65
309334506,M,Inge Ingvaldsen,https://pbs.twimg.com/profile_images/489035595981668353/ay68lvfS_400x400.jpeg,19CF86,M,female,203,0.83
401061947,M,Raffy,https://pbs.twimg.com/profile_images/727865506204524544/XvrW-mpJ_400x400.jpg,FF3300,M,male,27,0.81
161040007,M,Hov,https://pbs.twimg.com/profile_images/839861083238199296/fdyaRv4d_400x400.jpg,009999,unknown,male,2,1.0
348201191,M,Jon Plant,https://pbs.twimg.com/profile_images/952483937598795777/YDwABjv-_400x400.jpg,1DA1F2,M,male,1790,1.0
311719312,F,Olivia,https://pbs.twimg.com/profile_images/848849575301582848/3-d--FWZ_400x400.jpg,D02B55,F,female,943,0.99
28400964,M,Tom Davis,https://pbs.twimg.com/profile_images/924834998791868416/sDCaQO26_400x400.jpg,ABB8C2,M,male,3736,1.0
116802270,M,Merrill,https://pbs.twimg.com/profile_images/929379797431701504/t-RwuwSc_400x400.jpg,19CF86,unknown,male,6,0.67
526760881,M,TEAMSELFMADE,https://pbs.twimg.com/profile_images/543386795879452672/RTv8BiJJ_400x400.jpeg,1DA1F2,M,unknown,unknown,unknown
21833728,F,Brasilmagic,https://pbs.twimg.com/profile_images/943914832679657472/vzSJcNes_400x400.jpg,DD2E44,F,unknown,unknown,unknown
357223157,M,Theuberelite,https://pbs.twimg.com/profile_images/852623842132586498/ocz1hBKu_400x400.jpg,1DA1F2,unknown,unknown,unknown,unknown
396455039,F,Mikaella,https://pbs.twimg.com/profile_images/646013479258722305/3uLt0yK4_400x400.jpg,0084B4,M,female,3,1.0
73810651,F,Paper Doll,https://pbs.twimg.com/profile_images/877330684989198336/zq22S0qz_400x400.jpg,0084B4,F,female,3,1.0
239977330,F,Redd,https://pbs.twimg.com/profile_images/846172481224429568/hRh4H8Q0_400x400.jpg,EBBCD1,unknown,male,4,0.75
44436110,M,Ian Boyle,https://pbs.twimg.com/profile_images/733440306432094208/h-2aebvd_400x400.jpg,1DA1F2,M,male,2159,0.99
376618813,M,Scott Golding,https://pbs.twimg.com/profile_images/823105104475811840/Dk6CX_t7_400x400.jpg,1DA1F2,unknown,male,3450,1.0
493696119,M,IG : Sy_Marley,https://pbs.twimg.com/profile_images/378800000263656513/6e58ef797169398e4f2879e59b55231b_400x400.jpeg,0684A3,unknown,male,3,1.0
581721134,F,Jessele Competente,https://pbs.twimg.com/profile_images/2438199111/ysydasa1c9dak6apoc2h_400x400.jpeg,DD09E8,unknown,unknown,unknown,unknown
52151235,F,Perla Z,https://pbs.twimg.com/profile_images/467000972963635201/TDCXCHkJ_400x400.jpeg,1DADA6,unknown,female,165,0.99
75875706,M,Primo,https://pbs.twimg.com/profile_images/951587539584012289/CqoxADEY_400x400.jpg,7D7D7D,M,male,5,1.0
131962317,M,Your Thoughts!,https://pbs.twimg.com/profile_images/3765610377/f15470a0524c23f78604b2f2689b80ee_400x400.jpeg,00B34E,unknown,unknown,unknown,unknown
63717870,M,Sidetracked Magazine,https://pbs.twimg.com/profile_images/3653573311/423c1ecf01352e59e3388cc8b9ca0924_400x400.jpeg,949494,unknown,unknown,unknown,unknown
380407307,F,Rita üëë,https://pbs.twimg.com/profile_images/950531888967487489/tXCKiC2T_400x400.jpg,F58EA8,F,female,1097,1.0
239293017,M,Ryan,https://pbs.twimg.com/profile_images/943170259711905793/RCMFZHgq_400x400.jpg,1DA1F2,M,male,4755,0.99
130280606,M,Andrew Atkinson,https://pbs.twimg.com/profile_images/2153694774/306471_10150294116608457_602393456_8047540_5914814_n_400x400.jpg,1DA1F2,M,male,5168,1.0
366819436,M,El Vaughniano,https://pbs.twimg.com/profile_images/710502337912119296/Y93TcLr1_400x400.jpg,2FC2EF,M,male,349,0.74
298161737,F,üé±,https://pbs.twimg.com/profile_images/940028060295761920/pQQrM7Fa_400x400.jpg,A8A8A8,F,unknown,unknown,unknown
417231533,F,Sandra.,https://pbs.twimg.com/profile_images/919565044681097216/pSI6bGZO_400x400.jpg,D02B55,F,female,4110,1.0
43638421,F,a girl has no name.,https://pbs.twimg.com/profile_images/950439684236238848/Rx_DMsdR_400x400.jpg,9CA4A8,F,male,56,0.59
366225148,M,hi.,https://pbs.twimg.com/profile_images/526764282927939584/96BxRKSP_400x400.jpeg,7410D1,M,female,14,0.57
239551352,M,Young Tez,https://pbs.twimg.com/profile_images/464870144095682560/cmO1S7wy_400x400.jpeg,F00524,unknown,male,84,0.83
456340500,F,R.I.P.,https://pbs.twimg.com/profile_images/453365256417710080/TuSdmojD_400x400.jpeg,8F0000,F,male,34,0.97
424286397,F,Ariel Allen,https://pbs.twimg.com/profile_images/2593766899/3eB509Bw_400x400,009999,F,male,556,0.66
400039515,F,Kelcie Skaggs,https://pbs.twimg.com/profile_images/942944510514028545/_-EbsXa4_400x400.jpg,1DA1F2,unknown,female,5,1.0
236219835,F,Q üíã,https://pbs.twimg.com/profile_images/949467419600412672/c267bisz_400x400.jpg,C22799,F,male,1,1.0
253541384,F,Naiomy.,https://pbs.twimg.com/profile_images/952797237310115841/f0MlWj-h_400x400.jpg,F5ABB5,F,female,1,1.0
366293243,F,Hannah Morris,https://pbs.twimg.com/profile_images/615915958385963008/-fEt88Rv_400x400.jpg,D02B55,F,female,1949,1.0
348510385,F,Destiny,https://pbs.twimg.com/profile_images/948251386319376384/oS0D9POZ_400x400.jpg,9E8A8A,F,female,87,0.97
307693631,F,cassidy,https://pbs.twimg.com/profile_images/914397544922468352/P28sC9IV_400x400.jpg,971B95,F,female,91,0.89
242956807,M,$MoneyMan$,https://pbs.twimg.com/profile_images/579648086294704128/ae8R4eIy_400x400.jpg,0084B4,unknown,unknown,unknown,unknown
81259703,F,Telly_Tellz,https://pbs.twimg.com/profile_images/476031138226384896/XlPvVZUC_400x400.jpeg,FF0000,F,unknown,unknown,unknown
409230781,F,Satanay*,https://pbs.twimg.com/profile_images/951766805416116224/sa8v20iB_400x400.jpg,E81C4F,unknown,unknown,unknown,unknown
237907591,M,¬´-- Gives No Fucks‚Ñ¢,https://pbs.twimg.com/profile_images/2478217181/63b2lB4t_400x400,009999,M,female,60,0.52
21998727,M,Travis Hancock,https://pbs.twimg.com/profile_images/946836425898647557/c3NtDEqY_400x400.jpg,1B95E0,unknown,male,985,1.0
424181803,M,Daniel Kemp,https://pbs.twimg.com/profile_images/780105829999644672/O72Ig8yP_400x400.jpg,1DA1F2,unknown,male,8180,1.0
237291957,F,Nikita Sheppard,https://pbs.twimg.com/profile_images/832241370656018433/aTh-H-ET_400x400.jpg,560485,F,female,123,0.85
319310039,M,ü§∑üèæ‚Äç‚ôÇÔ∏èJiren,https://pbs.twimg.com/profile_images/948709349412786178/JzpLnZgh_400x400.jpg,F00E21,unknown,male,1,1.0
472810513,M,Charlie Herbert,https://pbs.twimg.com/profile_images/1777627906/Charlie_Herbert_400x400.jpg,1DA1F2,M,male,1131,0.79
117133958,F,JMCLARITY,https://pbs.twimg.com/profile_images/723246921289207808/vO28lEV9_400x400.jpg,B40B43,F,unknown,unknown,unknown
267760906,M,jeffreychong,https://pbs.twimg.com/profile_images/778264576680800256/yd5i9Yu8_400x400.jpg,1DA1F2,unknown,unknown,unknown,unknown
80708587,M,~We$t$!De ‚Ç¨ErTiFiEd~,https://pbs.twimg.com/profile_images/2694438544/e50a694c6d29493ef15e304411a7da20_400x400.jpeg,E80909,M,unknown,unknown,unknown
59535782,F,micaela catalan,https://pbs.twimg.com/profile_images/947787783015350272/cNpCnr6d_400x400.jpg,B40B43,F,female,143,0.99
387756056,F,Lily Berrisford,https://pbs.twimg.com/profile_images/948097281726799872/MzJD48dG_400x400.jpg,F58093,unknown,female,553,0.99
221656190,M,Brad Rickards,https://pbs.twimg.com/profile_images/439459039563362304/0zQlD9cC_400x400.jpeg,1DA1F2,M,male,1286,0.99
316110521,M,#InNeedOfThighMuffs,https://pbs.twimg.com/profile_images/830276988862656512/3-3fmUex_400x400.jpg,0084B4,M,unknown,unknown,unknown
395245943,F,Custancedif,https://pbs.twimg.com/profile_images/3172754785/2b0f6614b3e638290041421ed5ef9734_400x400.jpeg,9D582E,F,unknown,unknown,unknown
60089199,F,angelaVictoria,https://pbs.twimg.com/profile_images/920126755259772928/xzWxr_y0_400x400.jpg,000000,unknown,unknown,unknown,unknown
39519970,F,Katie Johnson,https://pbs.twimg.com/profile_images/623771136439021572/Wj6awClu_400x400.jpg,0084B4,F,female,3741,1.0
359606716,M,Pat,https://pbs.twimg.com/profile_images/1683516287/DIUCYA0m_400x400,1DA1F2,M,female,1242,0.6
102278116,F,Wahyu Maya Desiyana,https://pbs.twimg.com/profile_images/637551076305039361/HFVkP5at_400x400.jpg,0084B4,F,male,82,0.84
70382751,M,Juneekok,https://pbs.twimg.com/profile_images/628419860507144192/7G__bVAG_400x400.jpg,4A913C,M,unknown,unknown,unknown
171429397,F,grande,https://pbs.twimg.com/profile_images/827937162192490496/P-7PdWtD_400x400.jpg,CC9999,M,male,2,1.0
98167463,F,Beautiful Pain,https://pbs.twimg.com/profile_images/859435558669615104/pvAq_a_9_400x400.jpg,5B54CD,F,male,1,1.0
523806895,F,Tabitha Holman,https://pbs.twimg.com/profile_images/2147953136/Tabitha_400x400.jpg,1DA1F2,F,female,229,1.0
289218470,F,$LiLYoungnGotIT$,https://pbs.twimg.com/profile_images/2688064553/6ed98db4ac39af3623a9306226b96c66_400x400.jpeg,0084B4,M,unknown,unknown,unknown
493914049,M,Michael Jackson,https://pbs.twimg.com/profile_images/3127919333/99ba6e27f9e7b224fa47bc020ff6e261_400x400.png,0E1712,unknown,male,11094,1.0
58893756,M,Daniel Burman,https://pbs.twimg.com/profile_images/906949786334621696/kFL7ImpH_400x400.jpg,00078A,M,male,8180,1.0
267529242,M,Travis Wilkerson,https://pbs.twimg.com/profile_images/722207480646905856/dJ7JGNYx_400x400.jpg,EBB484,M,male,985,1.0
251869785,F,Anna O'Brien,https://pbs.twimg.com/profile_images/904800273767555072/xqHagZrg_400x400.jpg,CC3366,unknown,female,4755,1.0
378442302,F,Bless Alvero,https://pbs.twimg.com/profile_images/489023347661889538/O8MVIlKY_400x400.jpeg,FF0000,M,male,2,1.0
44673841,F,yonce duh,https://pbs.twimg.com/profile_images/834250659385847808/_OchgMGs_400x400.jpg,038543,F,female,2,0.5
351055458,F,Pure_hon3y,https://pbs.twimg.com/profile_images/674690844994048000/ws_vGWcZ_400x400.jpg,009999,F,unknown,unknown,unknown
88028490,F,ü¶ãHolly Bü¶ã,https://pbs.twimg.com/profile_images/945404796453949441/LLUQy5iw_400x400.jpg,FF0000,F,female,1178,0.99
288607965,F,Sabrina Guardala,https://pbs.twimg.com/profile_images/457091960600145922/HuNIPXII_400x400.jpeg,E32BB2,M,female,1331,1.0
47774507,M,TheKettlebellPhysio,https://pbs.twimg.com/profile_images/618014244743675904/WQPmWOHK_400x400.jpg,1DA1F2,unknown,unknown,unknown,unknown
234868075,F,Lilli Edmonds,https://pbs.twimg.com/profile_images/752618782586208256/QcckaWoD_400x400.jpg,780C62,F,female,25,1.0
458990042,F,Ashley Rae Martinez,https://pbs.twimg.com/profile_images/812494624216465409/yhV6Vsph_400x400.jpg,CC3366,F,female,3897,0.9
440296214,M,ƒÆG:Abdallah_E,https://pbs.twimg.com/profile_images/444558519682236416/swquyqUp_400x400.jpeg,009999,M,unknown,unknown,unknown
352039025,F,Brooklynn M. ü•Ä,https://pbs.twimg.com/profile_images/950218662421716992/N1Im9Pgu_400x400.jpg,0099CC,unknown,female,1,1.0
83715918,M,gloppy,https://pbs.twimg.com/profile_images/878254170851213312/_t9z2fnZ_400x400.jpg,93A644,M,unknown,unknown,unknown
541229246,F,faith burke,https://pbs.twimg.com/profile_images/413363962877456384/VTMIRjiE_400x400.jpeg,FF0000,unknown,female,261,0.98
17579750,M,Mark Payne,https://pbs.twimg.com/profile_images/548088917141229568/RKBhzi8l_400x400.jpeg,2FC2EF,M,male,6176,1.0
387616264,M,PriyrajSinh Zala,https://pbs.twimg.com/profile_images/835716429462790146/XVguA7-E_400x400.jpg,990000,M,female,4,0.5
502339451,F,Samantha Campbell,https://pbs.twimg.com/profile_images/925596262438789120/jktsxsgR_400x400.jpg,1DA1F2,F,female,2438,1.0
269492897,M,Casanova,https://pbs.twimg.com/profile_images/939936818434314240/31gKpF61_400x400.jpg,123838,M,male,3,1.0
38804203,F,Me. I Am Topaz,https://pbs.twimg.com/profile_images/378800000420194505/9ecfde33a7f0508876a26eaa3b942280_400x400.jpeg,2FC2EF,F,male,12,0.75
93750559,F,Saha,https://pbs.twimg.com/profile_images/849002769960796160/dwpwNDmp_400x400.jpg,009999,F,male,2,1.0
218146873,F,Mandi,https://pbs.twimg.com/profile_images/698199852149141504/jg9dS8KL_400x400.jpg,CF17CF,F,female,192,0.97
301679558,F,Siyathetha Fast,https://pbs.twimg.com/profile_images/642044261039513600/UQTjg7_1_400x400.jpg,1DA1F2,unknown,male,6,0.67
234860518,M,Lord Super Stokie,https://pbs.twimg.com/profile_images/785189736772165632/myksPLnb_400x400.jpg,1DA1F2,unknown,male,19,0.95
272210765,F,Jewel,https://pbs.twimg.com/profile_images/949541427695968262/I5YeZDl9_400x400.jpg,B40B43,F,female,40,0.88
408210961,F,allie,https://pbs.twimg.com/profile_images/615533941219573761/I2xdnAx8_400x400.jpg,FF4444,unknown,female,297,0.99
364466940,M,Jean Valjean,https://pbs.twimg.com/profile_images/3494201870/03f33010200e73ef10d841b22e19060f_400x400.png,3F8B8C,M,female,1523,0.53
300109179,F,(…î'ÃÅ ÃØ'ÃÄc),https://pbs.twimg.com/profile_images/378800000317600544/b79b2a8826e23bdab03b56cc863b4859_400x400.jpeg,93A644,M,male,27,0.74
227690881,M,Giles Diggle,https://pbs.twimg.com/profile_images/378800000234048976/6b623332e75628323a96d1f0ed7338e5_400x400.jpeg,038543,M,male,77,0.86
26484862,F,Winona Lim,https://pbs.twimg.com/profile_images/936119424414752768/LnN1yMqQ_400x400.jpg,FAB81E,F,female,12,1.0
314217043,F,Chantez‚ù£,https://pbs.twimg.com/profile_images/808696661656604674/Q4A8fy7H_400x400.jpg,4D144D,unknown,unknown,unknown,unknown
62047756,F,NiNi Bicharri,https://pbs.twimg.com/profile_images/658605033827737600/mFZL7wSY_400x400.jpg,2FC2EF,F,female,69,0.99
420499370,F,taylor,https://pbs.twimg.com/profile_images/948794068892573696/2M_OKc5U_400x400.jpg,F58EA8,F,female,1126,0.63
201316902,F,Modern Pin-Up Girl,https://pbs.twimg.com/profile_images/438161206612738048/6oAp0bla_400x400.jpeg,F071A4,F,unknown,unknown,unknown
250480744,F,nya love‚ú®,https://pbs.twimg.com/profile_images/935227796388921344/DjjU45Jf_400x400.jpg,0084B4,unknown,female,6,0.5
45447534,F,FARKU Nation,https://pbs.twimg.com/profile_images/253763322/clickhere_400x400.jpg,1DA1F2,unknown,unknown,unknown,unknown
540034792,F,Charley,https://pbs.twimg.com/profile_images/952129095629967360/yjjQlOAw_400x400.jpg,DD7C69,unknown,male,59,0.68
7415062,F,A'Dell,https://pbs.twimg.com/profile_images/836445377855381505/_XHjfxe0_400x400.jpg,F04DE2,F,female,4,0.75
12716032,F,SonaliRanade,https://pbs.twimg.com/profile_images/1656825134/sonali_Pic_400x400.jpg,1DA1F2,F,unknown,unknown,unknown
360391783,F,marissa,https://pbs.twimg.com/profile_images/590143589562331136/RhEOc0xC_400x400.jpg,94D487,F,female,514,1.0
300022618,M,Miller,https://pbs.twimg.com/profile_images/3333905611/2260331b3e80f14559c4c287170f1cfd_400x400.jpeg,1DA1F2,M,male,31,0.84
437580269,F,Lauren üåπ,https://pbs.twimg.com/profile_images/950677827367645184/P03_IrDt_400x400.jpg,DB2C95,unknown,female,2937,1.0
76330142,F,Hisaan  ÿüüéà,https://pbs.twimg.com/profile_images/819136832029921281/RFG_IsuN_400x400.jpg,0099CC,F,unknown,unknown,unknown
448493761,F,A1,https://pbs.twimg.com/profile_images/952645654450339840/AkKvEwPk_400x400.jpg,0084B4,F,male,56,0.59
43808080,F,Kay Danso-Danquah,https://pbs.twimg.com/profile_images/950382882836701184/0Knnkh-B_400x400.jpg,DE14AF,M,female,709,0.88
277847029,M,Yorai Ben Yisrael,https://pbs.twimg.com/profile_images/930300390012108800/pMlnOg9I_400x400.jpg,009999,M,male,3363,0.99
28163598,F,Miss Lady Q.Joh‚ôéson,https://pbs.twimg.com/profile_images/942746609527541761/jjFO-N9g_400x400.jpg,E61224,F,female,19,1.0
359532988,M,shelbi patterson,https://pbs.twimg.com/profile_images/378800000802058022/66e06ce36b27afcd1b11ab5e5b0f15bc_400x400.jpeg,0084B4,unknown,female,16,0.94
80085089,M,john Dough,https://pbs.twimg.com/profile_images/498983951994986497/j3qrEPPd_400x400.jpeg,D02B55,M,male,9931,0.99
471550595,M,I LOVE YOU LIAM,https://pbs.twimg.com/profile_images/378800000358930540/55fde6718f904b4391fea5d8c2dfa6b6_400x400.jpeg,1DA1F2,F,female,124,0.6
266666857,F,stocktips.in,https://pbs.twimg.com/profile_images/618819463287169024/Ht_qsovf_400x400.jpg,0099CC,unknown,unknown,unknown,unknown
524161288,F,Patience Kise,https://pbs.twimg.com/profile_images/1912470330/pgjtady0qq_130303170_400x400.jpg,B40B43,F,female,59,0.97
23353184,M,Vaughn,https://pbs.twimg.com/profile_images/801049031816384512/zmUJcR0-_400x400.jpg,0084B4,M,male,35,0.97
125946337,F,Ardyanti Nastiti,https://pbs.twimg.com/profile_images/669889943427158016/ktpLb-W9_400x400.jpg,F74D91,F,female,1,1.0
40717608,F,Peggy Drauglis,https://pbs.twimg.com/profile_images/218042898/im000085_400x400.jpg,1F98C7,unknown,female,639,1.0
47928322,F,Aiya Rodjel,https://pbs.twimg.com/profile_images/951465032662921216/VSJsrhZU_400x400.jpg,990000,F,female,1,1.0
316178437,F,Haley Herman,https://pbs.twimg.com/profile_images/378800000695696381/f2c1f059617243e2f3fdbb1fd16b0267_400x400.jpeg,0099CC,F,female,393,0.99
26242509,F,Miss Remy,https://pbs.twimg.com/profile_images/3548336092/a480e010516c7d271664eb6197d46406_400x400.jpeg,FF0000,F,female,19,1.0
35009861,M,Dean Griffiths,https://pbs.twimg.com/profile_images/880504147925245953/cZez3DGd_400x400.jpg,1DA1F2,unknown,male,914,0.96
182377751,F,fatima Œµ—ó–∑,https://pbs.twimg.com/profile_images/470370597256843264/6lMFjzUl_400x400.jpeg,FF6600,F,female,665,0.99
267612979,F,Maddisonzoe,https://pbs.twimg.com/profile_images/697776644912738304/D8TGA4_0_400x400.jpg,FF0000,F,unknown,unknown,unknown
56909841,F,Danielle,https://pbs.twimg.com/profile_images/946917892582289408/7iZKbylH_400x400.jpg,1B95E0,M,female,2429,1.0
501464456,M,// healy //,https://pbs.twimg.com/profile_images/378800000382979737/1c9678eda8e1afc1989ce86c9e3b2a62_400x400.jpeg,F5ABB5,M,female,1,1.0
16291449,M,Michael Kruse,https://pbs.twimg.com/profile_images/2850291603/d5868bc5a8261dc98da8fe18341fa112_400x400.jpeg,0084B4,M,male,11094,1.0
456983613,F,Bethany-Rose ‚ú®,https://pbs.twimg.com/profile_images/941341572758736901/nLSobOym_400x400.jpg,CD9CC3,F,unknown,unknown,unknown
347664069,F,Tyraa,https://pbs.twimg.com/profile_images/501477656345735168/OR4M2JcS_400x400.jpeg,0084B4,F,unknown,unknown,unknown
448308895,F,.,https://pbs.twimg.com/profile_images/938532208247107584/5CRUhMmP_400x400.jpg,91D2FA,F,unknown,unknown,unknown
200154776,F,jaelynjoan,https://pbs.twimg.com/profile_images/729647966869278720/35UHgd0W_400x400.jpg,0084B4,F,unknown,unknown,unknown
174482992,F,Mai Yang,https://pbs.twimg.com/profile_images/2225975243/DSLR11_400x400.jpg,EB2F2F,F,female,335,0.97
325809625,M,OG.,https://pbs.twimg.com/profile_images/952571089812623360/qhUQi1qI_400x400.jpg,A80D0D,unknown,male,5,0.8
48790981,F,champagnemam√≠,https://pbs.twimg.com/profile_images/930306611364728833/Chs1mXuI_400x400.jpg,FF0000,F,unknown,unknown,unknown
157647102,M,Rinkesh,https://pbs.twimg.com/profile_images/726756918946045952/8Bad9TDf_400x400.jpg,0084B4,M,male,8,1.0
191863615,F,Qt pie,https://pbs.twimg.com/profile_images/951058060922961923/-q9pbb7I_400x400.jpg,0084B4,F,male,8,0.75
48521723,F,duminati,https://pbs.twimg.com/profile_images/761097544155881472/AtgNlurV_400x400.jpg,0084B4,M,unknown,unknown,unknown
423192093,F,Brewskii ·É¶,https://pbs.twimg.com/profile_images/442382354859192320/ZOwGfP7c_400x400.jpeg,0084B4,F,unknown,unknown,unknown
350659016,F,{{Lisbeth}},https://pbs.twimg.com/profile_images/461219122043699200/YvjSLO5g_400x400.jpeg,FF0000,unknown,female,213,1.0
396753529,M,Barrie Shepley,https://pbs.twimg.com/profile_images/1605151763/barrieolympics_1__400x400.jpeg,0084B4,F,male,57,0.95
36183212,F,s…¶e ü üe è,https://pbs.twimg.com/profile_images/912386268956385281/8FUKocnp_400x400.jpg,895429,unknown,male,21,0.57
378333037,M,David A. Klar,https://pbs.twimg.com/profile_images/942451050350612480/uOcL7znC_400x400.jpg,000000,M,male,12593,1.0
34770714,F,Suzette Francis,https://pbs.twimg.com/profile_images/747157540522332161/GTYsXOW4_400x400.jpg,009999,F,female,84,1.0
180744144,F,Pamela Murphy,https://pbs.twimg.com/profile_images/742378085392211968/AA6nz2rg_400x400.jpg,009999,F,female,1468,1.0
407391775,M,Cesc,https://pbs.twimg.com/profile_images/944958975463837697/5DWeItfy_400x400.jpg,0084B4,M,male,2,1.0
391500256,F,xtremely_blessedx,https://pbs.twimg.com/profile_images/494999643819094016/2obOGADe_400x400.jpeg,D4A017,F,unknown,unknown,unknown
26127785,M,Sam Vincent,https://pbs.twimg.com/profile_images/448350869344759809/ieQG4hRB_400x400.jpeg,0084B4,M,male,3336,0.76
125918118,M,BMB4L,https://pbs.twimg.com/profile_images/649606203052564480/Ux7mnaBM_400x400.jpg,FF3300,M,unknown,unknown,unknown
319010309,F,sofia,https://pbs.twimg.com/profile_images/378800000472608394/367c75b5256244b4bbfd9f0fee6e0bfb_400x400.jpeg,6B0563,F,female,1200,0.99
30207415,F,Angela Karli,https://pbs.twimg.com/profile_images/2786405650/3e72c343bd8ba0030f7fa4ee049faace_400x400.jpeg,FF0000,F,female,3511,1.0
122486826,F,lucy~,https://pbs.twimg.com/profile_images/694263185898078209/0ZrAffZ8_400x400.jpg,000000,F,female,1403,0.97
57558397,F,Alexia Mariel Tan,https://pbs.twimg.com/profile_images/728441880606728192/Q4Tl06ik_400x400.jpg,FF0000,F,female,226,1.0
277997999,M,Kenneth,https://pbs.twimg.com/profile_images/947488643576410112/d48dZf-i_400x400.jpg,1DA1F2,M,male,1020,1.0
47040222,F,Noni Rainy A.,https://pbs.twimg.com/profile_images/952134120070553600/nmBI03HK_400x400.jpg,ABB8C2,unknown,female,56,1.0
19715023,M,DJ Pyper,https://pbs.twimg.com/profile_images/826198608747732992/OtWKSY-S_400x400.jpg,19CF86,M,male,40,0.93
526280370,F,Eden Guptill,https://pbs.twimg.com/profile_images/1900789325/hgftr-5535_400x400.jpg,1DA1F2,F,female,126,0.67
54707889,F,Tokyo Rose.,https://pbs.twimg.com/profile_images/552495351165628416/owr0dOxj_400x400.jpeg,CF4F0B,F,female,4,0.5
31391594,M,Simon Pulman,https://pbs.twimg.com/profile_images/836214177295437825/2NQz4rE__400x400.jpg,1DA1F2,M,male,2443,0.99
29052381,M,Connor Hicks,https://pbs.twimg.com/profile_images/851311551818715136/Aoqm6t7y_400x400.jpg,444444,M,male,447,0.99
582034224,M,Ed,https://pbs.twimg.com/profile_images/856990392163684353/F9uJDOQU_400x400.jpg,1DA1F2,unknown,male,824,1.0
30787862,M,Blake,https://pbs.twimg.com/profile_images/810978704734162945/YwkF-FhN_400x400.jpg,ABB8C2,M,male,448,0.96
125597615,F,yousefakbar.com,https://pbs.twimg.com/profile_images/800732091881177088/_io4ejR6_400x400.jpg,10C9C9,unknown,unknown,unknown,unknown
16333340,M,Starchildluke,https://pbs.twimg.com/profile_images/725373587167784960/P0k6GfOa_400x400.jpg,222222,unknown,unknown,unknown,unknown
246480633,M,Jordan Parker,https://pbs.twimg.com/profile_images/951331511072182272/tVwXufe-_400x400.jpg,2FC2EF,M,male,1774,0.77
31586176,F,SALEX DNB DSOI,https://pbs.twimg.com/profile_images/756294003960664065/HAiZP1dJ_400x400.jpg,991EB8,F,unknown,unknown,unknown
105169860,M,Muhammad Yogi,https://pbs.twimg.com/profile_images/574928543768911872/lcEO53lV_400x400.jpeg,2FC2EF,M,male,1033,1.0
526280601,F,Klara Halls,https://pbs.twimg.com/profile_images/1900791411/hgftr-8968_400x400.jpg,D02B55,F,female,64,1.0
189766171,M,Blanco‚Ñ¢Ô∏è,https://pbs.twimg.com/profile_images/935745791733444609/jcEa29A4_400x400.jpg,F01A13,M,male,4,0.75
285937091,F,Markee Ross,https://pbs.twimg.com/profile_images/869413253151109120/oph-uFUK_400x400.jpg,F58EA8,F,female,1,1.0
366517819,M,Shawn ‚úå,https://pbs.twimg.com/profile_images/793693317833695233/d50HKjuG_400x400.jpg,1DA1F2,unknown,male,1059,0.9
227545946,F,Demmy Mutiara,https://pbs.twimg.com/profile_images/944630078138327040/vmFzDVVz_400x400.jpg,F3E5B8,F,female,16,0.94
481791289,M,Raba Elphinstone,https://pbs.twimg.com/profile_images/1801346731/230_400x400.gif,1DA1F2,M,male,1,1.0
360417153,M,Ôª£Ô∫§Ôª§Ô∫™ ÔªãÔªîÔª¥Ôªí,https://pbs.twimg.com/profile_images/440126059493613568/UOUO_KmV_400x400.jpeg,1F9900,M,unknown,unknown,unknown
103195785,F,Soreeytti,https://pbs.twimg.com/profile_images/922419138194264064/o6mxjAZh_400x400.jpg,7100B3,F,unknown,unknown,unknown
454730096,F,Mika,https://pbs.twimg.com/profile_images/671200771094872064/HspVovLm_400x400.jpg,9D582E,F,male,182,0.51
100176206,F,alleüê•,https://pbs.twimg.com/profile_images/941903029271277568/EVg8ENLJ_400x400.jpg,ABB8C2,M,female,8,1.0
46606547,F,Renee,https://pbs.twimg.com/profile_images/848828981734461440/fOfMB5lS_400x400.jpg,12E8A8,unknown,female,35,0.97
381879824,F,k.,https://pbs.twimg.com/profile_images/860155569595965444/Myx2wE8g_400x400.jpg,030A0A,unknown,male,49,0.63
37120141,F,S. Monay,https://pbs.twimg.com/profile_images/641055281213014018/twIGgwT4_400x400.jpg,A60A29,F,male,42,0.67
25600231,F,Emma Jane Kingston,https://pbs.twimg.com/profile_images/3663248174/e091efaf07874eec22abf8390fb01d06_400x400.jpeg,5596DB,F,female,3337,1.0
515525269,M,Lucas Blackburn,https://pbs.twimg.com/profile_images/1874668578/as_400x400.jpeg,1DA1F2,M,male,1003,1.0
197364303,F,berlya alivia,https://pbs.twimg.com/profile_images/640587071598428160/8ty4gQp2_400x400.jpg,B40B43,F,female,7,1.0
47830993,F,Cocoa_TheSituation,https://pbs.twimg.com/profile_images/516306050572910592/0Q942lLa_400x400.jpeg,0084B4,error,unknown,unknown,unknown
41654154,M,showly,https://pbs.twimg.com/profile_images/788204293899841536/Dk2DJj20_400x400.jpg,FA743E,M,unknown,unknown,unknown
234760458,F,LEAH-RAE ELLIS,https://pbs.twimg.com/profile_images/868431547388628993/sKXOuhhc_400x400.jpg,009999,M,male,73,0.63
68643521,F,Pam Groom,https://pbs.twimg.com/profile_images/501483667802165248/QufzmK7m_400x400.jpeg,262694,F,female,1060,1.0
556834869,M,Isa,https://pbs.twimg.com/profile_images/899644494190002177/j72WF2wO_400x400.jpg,4A913C,M,female,429,0.67
141729675,M,SEYMOR BIRHOFF,https://pbs.twimg.com/profile_images/946563396043988992/3t-jovvs_400x400.jpg,FF3300,M,male,1,1.0
429067866,F,IevaPukstyte,https://pbs.twimg.com/profile_images/1750402807/Image011_400x400.jpg,0000FF,F,unknown,unknown,unknown
268553873,M,Matt Bradley,https://pbs.twimg.com/profile_images/830938689870110720/D2I8HBs0_400x400.jpg,1DA1F2,M,male,4915,1.0
97897689,F,MsVonda,https://abs.twimg.com/sticky/default_profile_images/default_profile_400x400.png,B40B43,unknown,unknown,unknown,unknown
557204284,F,JasmynDenise,https://pbs.twimg.com/profile_images/3658637347/f7514812c4c397df559a51694bf84576_400x400.jpeg,E01DAC,F,unknown,unknown,unknown
315617683,F,Avee McGuire,https://pbs.twimg.com/profile_images/852445090241028096/oCo44hpB_400x400.jpg,00A4B3,F,unknown,unknown,unknown
132952741,F,Krisna Mustikarani,https://pbs.twimg.com/profile_images/913059476600610816/-l_ENq4N_400x400.jpg,ED2F6F,F,male,14,0.79
495895292,F,Liezy Factoran,https://pbs.twimg.com/profile_images/378800000477622653/41e8e526b9e34fe3293bad9cc8c95bdc_400x400.jpeg,F50E6E,F,unknown,unknown,unknown
66953905,M,Sudario  Alonso,https://pbs.twimg.com/profile_images/590624903/IMG_9813_400x400.jpg,B59F0D,M,male,131,0.99
465461912,M,Elliott Davies,https://pbs.twimg.com/profile_images/2283813837/mmk1hr7gjyf91gwgspdn_400x400.jpeg,0084B4,M,male,179,0.99
63274860,F,‡¥Æ‚ó°‡¥Æ,https://pbs.twimg.com/profile_images/922211526001545217/bKKjriEr_400x400.jpg,29A3B3,F,unknown,unknown,unknown
249565726,F,LifeinHealth.info,https://pbs.twimg.com/profile_images/1256510601/Photo0079_400x400.jpg,038543,unknown,unknown,unknown,unknown
287991041,F,Ju,https://pbs.twimg.com/profile_images/772831568389734400/l_fB0aXG_400x400.jpg,038543,F,female,152,0.71
373864790,F,„Ö†„Ö†,https://pbs.twimg.com/profile_images/949980842444517377/NeVRmwoW_400x400.jpg,FF0000,M,unknown,unknown,unknown
59264164,M,Ben Janke,https://pbs.twimg.com/profile_images/348143686/realestate_400x400.jpg,1DA1F2,M,male,3363,0.99
265993987,F,Tee Bby,https://pbs.twimg.com/profile_images/2526499329/profile_400x400.jpg,1DA1F2,F,male,108,0.53
524734582,F,Orange Chair Store,https://pbs.twimg.com/profile_images/1897265301/yush-5541_400x400.jpg,D02B55,F,female,14,0.71
395667433,F,Mitsuki$$,https://pbs.twimg.com/profile_images/452414339811524608/4gih_Js-_400x400.jpeg,B40B43,F,unknown,unknown,unknown
111818639,M,Alec Rocel,https://pbs.twimg.com/profile_images/947792018868117504/M9mIanXh_400x400.jpg,F5680A,M,male,188,0.97
438708253,F,‚íΩ‚ìÑ‚ìå_‚íΩ‚íæ‚íº‚íΩ 23,https://pbs.twimg.com/profile_images/421735612849614849/v0DpMnOU_400x400.jpeg,D92103,F,unknown,unknown,unknown
538147744,F,ŒíŒîDŒîSS‚Üí‚ÜíDŒ±–∏Œπ—î—î ‚ô°‚ô•‚ô°ÂΩ°,https://pbs.twimg.com/profile_images/2163582819/allsmiles_400x400.jpg,1DA1F2,unknown,unknown,unknown,unknown
38548180,F,mikay,https://pbs.twimg.com/profile_images/930994461349425153/iFYMf4c6_400x400.jpg,F5ABB5,F,male,1,1.0
513508010,M,Nico Zelalem,https://pbs.twimg.com/profile_images/949637059932774400/UjNh6vXX_400x400.jpg,EE2200,M,male,523,0.98
274099960,M,LC Twin Tower,https://pbs.twimg.com/profile_images/461018204740263936/py8oU_5G_400x400.jpeg,009999,M,female,12,0.58
430755544,F,J.Reimzü§ôüèºüñ§,https://pbs.twimg.com/profile_images/933405655377043456/sw6v7WdG_400x400.jpg,0084B4,F,unknown,unknown,unknown
22130640,F,Barb Heidenreich,https://pbs.twimg.com/profile_images/770334896900411392/HJgiuxwM_400x400.jpg,141212,F,female,409,1.0
428780604,F,odelia dudgion,https://pbs.twimg.com/profile_images/1674729803/6438_400x400.jpg,D02B55,F,female,16,1.0
54318334,M,Matthew Jones,https://pbs.twimg.com/profile_images/344513261570519138/f0e2561497b86d05d8f4eac901a5fde8_400x400.jpeg,1DA1F2,unknown,male,3338,1.0
325670288,F,Fabulously Pink,https://pbs.twimg.com/profile_images/2550825763/344819231_400x400.jpg,B40B43,F,female,21,0.86
195625613,F,S.Kira ü¶ã,https://pbs.twimg.com/profile_images/839193864804188160/NZlYO2fi_400x400.jpg,990000,unknown,unknown,unknown,unknown
65825614,F,‚ôè,https://pbs.twimg.com/profile_images/529535021456306176/4TH37cVR_400x400.jpeg,FF0000,F,unknown,unknown,unknown
419406465,F,Tami,https://pbs.twimg.com/profile_images/1653499778/IMG01348-20111105-0815_400x400.jpg,1DA1F2,F,female,227,1.0
221904142,M,#BlackMindsMatter,https://pbs.twimg.com/profile_images/948874988794404864/LtQDIb2s_400x400.jpg,B30000,M,unknown,unknown,unknown
228103907,M,Me!!!!!,https://pbs.twimg.com/profile_images/636865746400899073/iNVoeM77_400x400.jpg,1DA1F2,M,unknown,unknown,unknown
363824830,F,Jayme Iggulden,https://pbs.twimg.com/profile_images/934487876569616389/DmJXiWdA_400x400.jpg,CC3366,unknown,female,74,0.72
95837407,M,Jose Erick Belencion,https://pbs.twimg.com/profile_images/1343188443/erk2_copy_400x400.jpg,FF0000,M,male,3821,0.99
168696409,F,‚ù§Ô∏è,https://pbs.twimg.com/profile_images/693300262010753024/lx3VKXsX_400x400.jpg,B40B43,F,unknown,unknown,unknown
163016375,M,Migo,https://pbs.twimg.com/profile_images/948503313107988480/SqTaW30L_400x400.jpg,000000,M,male,1,1.0
415133132,F,kayleigh,https://pbs.twimg.com/profile_images/903467516126564352/GvGrDU62_400x400.jpg,ED0C0C,unknown,female,246,1.0
389172282,F,Sabrina,https://pbs.twimg.com/profile_images/776584168725549056/rnLY4QU5_400x400.jpg,C682E8,F,female,1331,1.0
73510671,F,j a y y ‚öìÔ∏è,https://pbs.twimg.com/profile_images/937897133574848513/RAonuXWM_400x400.jpg,15FF00,F,male,122,0.83
379874947,M,Patrick Kiely,https://pbs.twimg.com/profile_images/891626886786408448/pXE2b2A0_400x400.jpg,1DA1F2,unknown,male,2877,1.0
69443779,F,Nicki üé∂‚ú®,https://pbs.twimg.com/profile_images/921906934567067648/e1K1_Kbg_400x400.jpg,E81C4F,F,female,185,0.96
481549574,M,Ross Carter,https://pbs.twimg.com/profile_images/863014806395252736/IeMTUfWs_400x400.jpg,FF0808,M,male,692,0.95
524738469,F,Steam Cleaners Home,https://pbs.twimg.com/profile_images/1897274711/yush-2330_400x400.jpg,1F98C7,unknown,female,6,0.5
69906389,F,dHeya Paramita,https://pbs.twimg.com/profile_images/2770616741/2a6388ce88ce3a2a8a7b5b93b71baea7_400x400.jpeg,3A23CF,F,female,6,1.0
211207878,M,DJ Natezilla,https://pbs.twimg.com/profile_images/947503238965850112/YpD6Q821_400x400.jpg,009999,M,male,40,0.93
237944150,F,Alexandra,https://pbs.twimg.com/profile_images/918424845263757312/RWIm0fVG_400x400.jpg,F5ABB5,unknown,female,1723,1.0
361883311,F,ÓÄ∞,https://pbs.twimg.com/profile_images/378800000790528999/1e0835a7a3332b9dd69fbef7b599f68b_400x400.jpeg,2586A1,F,unknown,unknown,unknown
279998452,M,Lee Kelly,https://pbs.twimg.com/profile_images/940347665308684288/pfuEmygN_400x400.jpg,1DA1F2,unknown,male,2089,0.75
182614204,F,iAmMe‚Ñ¢,https://pbs.twimg.com/profile_images/469620947142852608/JKpdrtRG_400x400.jpeg,FF0000,F,unknown,unknown,unknown
153249953,F,tynnaroo,https://pbs.twimg.com/profile_images/930576591633215489/rVzj1sOB_400x400.jpg,ABB8C2,F,unknown,unknown,unknown
25453023,F,The1&only,https://pbs.twimg.com/profile_images/3577569531/8a90cad49d3b36c809cd2e491c622bf9_400x400.jpeg,009999,M,unknown,unknown,unknown
162908804,M,Dr.Siddique,https://pbs.twimg.com/profile_images/489821555258449920/HPOBJiv2_400x400.jpeg,0084B4,unknown,unknown,unknown,unknown
165961451,M,Dixin Yurjaw,https://pbs.twimg.com/profile_images/952324282578808832/0lqmgryB_400x400.jpg,0084B4,M,unknown,unknown,unknown
146290588,F,lexi,https://pbs.twimg.com/profile_images/761281302670745600/3XWJVrv9_400x400.jpg,93A644,M,female,130,0.99
165138513,F,mills,https://pbs.twimg.com/profile_images/952271040700387328/m_AXyGaR_400x400.jpg,FF00EE,F,male,3,1.0
39948606,F,confusedt,https://pbs.twimg.com/profile_images/951075866502610944/9xdwpvqQ_400x400.jpg,FAB81E,F,unknown,unknown,unknown
187394414,F,Leia Quimbo-Quintos,https://pbs.twimg.com/profile_images/798607464451211264/xb-1z0Da_400x400.jpg,990000,unknown,female,37,0.97
97535225,M,David Keller,https://pbs.twimg.com/profile_images/542799006552715264/SfO7g43S_400x400.png,1B95E0,M,male,12593,1.0
489458928,F,Alex | ‚úåÔ∏è,https://pbs.twimg.com/profile_images/845432722080313344/O3T3uw0F_400x400.jpg,000000,F,male,5856,0.87
23825865,F,Lucy Holmes,https://pbs.twimg.com/profile_images/378800000259931324/e844669f87a391b6b6bae846151759a0_400x400.jpeg,ABB8C2,F,female,1403,0.97
372000880,F,Andrea Wallace,https://pbs.twimg.com/profile_images/820288588147552256/PkQxnMq8_400x400.jpg,0084B4,unknown,female,5794,0.79
35342292,F,JULIA,https://pbs.twimg.com/profile_images/942604573155438593/9iRs7bqp_400x400.jpg,2FC2EF,F,female,2152,0.99
412418944,F,Pika,https://pbs.twimg.com/profile_images/463783641835778048/-zH2mkp0_400x400.jpeg,000000,F,female,7,1.0
204478006,F,Helen Dutton,https://pbs.twimg.com/profile_images/1147549989/Thumbnail_400x400.JPG,039967,M,female,2201,0.99
444471402,F,Desty,https://pbs.twimg.com/profile_images/944919851440619520/oWNfYEM5_400x400.jpg,985616,F,female,5,1.0
540335776,F,D A N I,https://pbs.twimg.com/profile_images/948720218934861824/Zz4o-x2t_400x400.jpg,339CCC,F,male,43,0.79
287944685,F,"Creeband Loco, First of her name.",https://pbs.twimg.com/profile_images/944244309737558016/0t6kVtVn_400x400.jpg,AD0A0A,F,male,14,1.0
266848730,F,claudia,https://pbs.twimg.com/profile_images/883326919265091584/LRSBf_do_400x400.jpg,00B300,F,female,3051,1.0
61386083,F,10/18 ‚ú®,https://pbs.twimg.com/profile_images/496882778521501696/ALMN1Tb0_400x400.jpeg,B40B43,F,unknown,unknown,unknown
22075511,M,JANCY üôãüèº‚Äç‚ôÇÔ∏è,https://pbs.twimg.com/profile_images/879091358434242560/_3kj7diE_400x400.jpg,009999,M,female,2,1.0
479840987,M,Abhishek Ganti,https://pbs.twimg.com/profile_images/888138819073040384/CBmrkm03_400x400.jpg,1DA1F2,F,male,308,1.0
84344190,F,Mary J. Poppinton,https://pbs.twimg.com/profile_images/871195108334587904/D3nUxCSG_400x400.jpg,FA743E,M,female,4440,1.0
396266922,F,Lauren,https://pbs.twimg.com/profile_images/951030294345269248/q3G6uK4W_400x400.jpg,2FC2EF,F,female,2937,1.0
314960262,F,erica üåö,https://pbs.twimg.com/profile_images/950947320421650432/M21nRWSH_400x400.jpg,FF1499,unknown,female,1281,1.0
198695393,F,Big Daddie,https://pbs.twimg.com/profile_images/475796569489293315/Bpw3p_E1_400x400.jpeg,8A3BBF,F,male,1,1.0
19501506,M,S. T. E. P. H. E. N‚ìÇ,https://pbs.twimg.com/profile_images/947642730712363008/njU4JPT0_400x400.jpg,1DA1F2,M,male,42,0.67
428089125,F,Tracie D. Green,https://pbs.twimg.com/profile_images/1673021907/Swayden_Tracie_1__400x400.png,1DA1F2,F,female,130,1.0
379966339,M,Slinkk„ÉÑ,https://pbs.twimg.com/profile_images/413862329735196672/-tflTd6Z_400x400.jpeg,160EF0,unknown,unknown,unknown,unknown
226351600,F,Sarah Damte,https://pbs.twimg.com/profile_images/683969408725721088/J_tULkxF_400x400.jpg,990000,F,female,8371,1.0
42654670,F,TriHüíö,https://pbs.twimg.com/profile_images/935314316429062144/kWSJGAos_400x400.jpg,B40B43,F,unknown,unknown,unknown
139304356,F,Saski,https://pbs.twimg.com/profile_images/491045084792496128/0T1s3yre_400x400.jpeg,D8F5F4,M,unknown,unknown,unknown
161945247,F,Eka Mahtra,https://pbs.twimg.com/profile_images/649765144336011264/MMncbTmt_400x400.jpg,0084B4,M,female,101,0.61
356213965,F,Eva Stepanian,https://pbs.twimg.com/profile_images/827177345001861122/CLdhZzSe_400x400.jpg,99E8BA,F,female,1715,1.0
287171979,M,August 12th‚ùóÔ∏è,https://pbs.twimg.com/profile_images/937547359373942786/uRF7RcWS_400x400.jpg,8600B3,M,male,66,0.88
341943003,M,EDDIEYAMEEN,https://pbs.twimg.com/profile_images/3713306086/a378f8e1a8300e733e610151855fcb77_400x400.jpeg,009999,M,unknown,unknown,unknown
277613985,F,Nai.,https://pbs.twimg.com/profile_images/910060269518417920/R6mBZBdg_400x400.jpg,2FC2EF,F,female,16,0.63
30568035,M,Dwayne Cochrane ‚òÆ,https://pbs.twimg.com/profile_images/871668124801798144/izhT5Nmm_400x400.jpg,4A913C,M,male,186,0.99
318243480,F,Kristen Moore,https://pbs.twimg.com/profile_images/378800000728446935/3375cb5a3b8cbaf6ff24e3d049dfd40e_400x400.jpeg,990000,F,female,1160,1.0
365833016,F,Erin,https://pbs.twimg.com/profile_images/3229342316/d660759ac6359ab4568de083916eb5f7_400x400.jpeg,1DA1F2,F,female,2097,0.99
456661498,M,QUA DEEZY BWF/TOB,https://pbs.twimg.com/profile_images/3741106120/c900d4fd1c05d7cefefd5056533178b2_400x400.jpeg,0084B4,unknown,female,2,0.5
331178094,M,Will D,https://pbs.twimg.com/profile_images/820404886617657344/mdoRRSAl_400x400.jpg,009999,M,male,1169,0.99
571989448,F,DeNisha Johnson,https://pbs.twimg.com/profile_images/613441662707105792/gdd4Bdcs_400x400.jpg,B40B43,F,female,10,1.0
125953888,F,ami,https://pbs.twimg.com/profile_images/846146456549560324/wCHAGg1V_400x400.jpg,088253,F,female,122,0.86
162273217,F,Vivi Winta Ningsih R,https://pbs.twimg.com/profile_images/378800000009934595/ad65c261665ca37741cd9d47d001afa2_400x400.jpeg,FF0000,unknown,female,253,0.99
162928316,F,A N I Z A _ Boo,https://pbs.twimg.com/profile_images/2235444673/image_400x400.jpg,B40B43,M,male,56,0.59
38631783,M,Sweet Jones,https://pbs.twimg.com/profile_images/917572193021759488/W7m89ZkK_400x400.jpg,516240,F,female,27,0.96
14456192,M,Pedro Vanzella,https://pbs.twimg.com/profile_images/799243360456347648/GhEbJEsN_400x400.jpg,171759,M,male,1631,0.99
43187865,M,Counsel,https://pbs.twimg.com/profile_images/920066868970262528/dZNZqB0X_400x400.jpg,E81C4F,unknown,unknown,unknown,unknown
258395596,M,Tom Sloan,https://pbs.twimg.com/profile_images/882511421518622720/_fe-ELGS_400x400.jpg,1DA1F2,M,male,3736,1.0
307842867,M,mega,https://pbs.twimg.com/profile_images/696608795619819520/QltIB-9A_400x400.jpg,E81C4F,unknown,female,35,0.77
323003404,F,BadGalBreee ‚ú®,https://pbs.twimg.com/profile_images/806394957921718272/dGme7HrA_400x400.jpg,0084B4,F,unknown,unknown,unknown
60062588,M,OLANREWAJU ‚ô£,https://pbs.twimg.com/profile_images/896134459745071104/7dgcyK5a_400x400.jpg,009999,M,male,7,0.86
15267777,M,paul,https://pbs.twimg.com/profile_images/481883700934627328/a3eTfcF7_400x400.jpeg,123257,unknown,male,5931,1.0
216435953,F,jessica jones,https://pbs.twimg.com/profile_images/904638201335250945/LkunkrWm_400x400.jpg,F5ABB5,unknown,female,6696,1.0
446270522,F,The New YouTuberüó£,https://pbs.twimg.com/profile_images/913128618666151936/irA8C4o-_400x400.jpg,0084B4,M,female,1,1.0
330541879,M,MŒîRC‚ÄÖHŒî‚àáŒ£R,https://pbs.twimg.com/profile_images/378800000334926708/c3827683fcfb99f22236b9b8f228b902_400x400.jpeg,0084B4,unknown,unknown,unknown,unknown
28817240,M,Mr. Delaney,https://pbs.twimg.com/profile_images/764672123327610880/70SfJGRG_400x400.jpg,ABB8C2,M,female,33,0.94
377653779,F,GENESIS‚ò∫,https://pbs.twimg.com/profile_images/3065372877/1c3f29b7ae40499fc05f3c91ed7de006_400x400.jpeg,009999,F,female,142,0.96
390812783,F,Jordan Seitz,https://pbs.twimg.com/profile_images/925644147821830144/J1ZCgrvs_400x400.jpg,038543,F,male,1774,0.77
84733560,F,natalie,https://pbs.twimg.com/profile_images/923553782813753344/7DdlM5ME_400x400.jpg,778899,F,female,2027,1.0
188281099,M,Nina Pamfilo,https://pbs.twimg.com/profile_images/952576642718683136/SdQVP9fg_400x400.jpg,F264EB,F,female,1434,0.99
524735010,F,Butane Fuel,https://pbs.twimg.com/profile_images/1897265656/yush-4257_400x400.jpg,9D582E,unknown,unknown,unknown,unknown
320440287,F,Cici‚öì,https://pbs.twimg.com/profile_images/500317522135375872/K0T2Vr-H_400x400.jpeg,1DA1F2,unknown,female,28,1.0
338037100,F,üíÄ,https://pbs.twimg.com/profile_images/946224446783787008/UKK5MT5w_400x400.jpg,E81C4F,unknown,unknown,unknown,unknown
232462088,F,Awalia Septyani,https://pbs.twimg.com/profile_images/833205015141429248/fz004lwO_400x400.jpg,0084B4,F,female,1,1.0
363063575,F,munire kecicioglu,https://pbs.twimg.com/profile_images/675048186747179009/X2dA75ns_400x400.jpg,2FC2EF,F,female,6,1.0
270564273,F,Self-Made,https://pbs.twimg.com/profile_images/939622510466912256/H5H8BQ_e_400x400.jpg,009999,M,male,1,1.0
172112748,F,Yveshia Klingman,https://pbs.twimg.com/profile_images/919706084616613889/6SKXr5rX_400x400.jpg,990000,F,unknown,unknown,unknown
565872977,M,Padre Jota,https://pbs.twimg.com/profile_images/740556329295740928/OB3shXT5_400x400.jpg,0084B4,unknown,male,1,1.0
435390793,M,DJ CHRIS CARV‚àÉ,https://pbs.twimg.com/profile_images/939894302246883329/SkbprCGJ_400x400.jpg,009999,M,male,40,0.93
439193029,F,laura nichols,https://pbs.twimg.com/profile_images/941757060814983168/FErElTKb_400x400.jpg,038543,F,female,7953,1.0
282783847,M,DeeQue,https://pbs.twimg.com/profile_images/441898327370895360/HklHq3Fl_400x400.jpeg,1DA1F2,M,unknown,unknown,unknown
280015852,M,Kevin S. Thomas,https://pbs.twimg.com/profile_images/605431785858736128/P59N_x0F_400x400.jpg,009999,M,male,5362,1.0
128280423,M,Lamar Jones,https://pbs.twimg.com/profile_images/946648279349112832/7CNN9BxY_400x400.jpg,0084B4,M,male,36,0.67
260995357,M,Erik Eddy,https://pbs.twimg.com/profile_images/3115682971/3f814e9b9e431b7255ef59f85d1a03e9_400x400.jpeg,1DA1F2,unknown,male,1072,0.99
505871555,F,MY8,https://pbs.twimg.com/profile_images/576335311820627969/-GlG-a-s_400x400.jpeg,1DA1F2,unknown,female,44,0.73
318179706,F,Aries ‚ôàÔ∏è,https://pbs.twimg.com/profile_images/932302881276952576/Vtj1s7pZ_400x400.jpg,FF0000,F,male,55,0.91
524877753,F,Cinderella,https://pbs.twimg.com/profile_images/952430116415655937/cNVxrGnR_400x400.jpg,9D582E,F,female,6,1.0
278288953,F,AShLeY,https://pbs.twimg.com/profile_images/2888803066/ee211f1da1479599c15e7d780211ff47_400x400.jpeg,1DA1F2,unknown,female,3897,0.9
534595764,F,A.üåõ,https://pbs.twimg.com/profile_images/952637852151681024/7h-PkncX_400x400.jpg,1DA1F2,F,male,56,0.59
133365024,M,Andy,https://pbs.twimg.com/profile_images/856734512566288385/niVBrkDs_400x400.jpg,3B94D9,M,male,3139,0.95
153962859,M,Dan Crichton,https://pbs.twimg.com/profile_images/922914384573288448/UzSNPFKX_400x400.jpg,4A913C,unknown,male,3240,0.98
295110039,F,megan parrott,https://pbs.twimg.com/profile_images/344513261567729326/e369966b4259f706b3f762ce90a37c6a_400x400.jpeg,1DA1F2,F,female,2639,1.0
84998073,F,EshaDhatBaby:),https://pbs.twimg.com/profile_images/484824390094159872/eutmg13O_400x400.jpeg,B700FF,F,unknown,unknown,unknown
50698730,M,Chemmy,https://pbs.twimg.com/profile_images/856360176093323264/tXizz7MV_400x400.jpg,19CF86,unknown,unknown,unknown,unknown
324375514,F,Erica James,https://pbs.twimg.com/profile_images/932183888855646208/05oTdSM7_400x400.jpg,111111,F,female,1281,1.0
154978521,F,JoAnna,https://pbs.twimg.com/profile_images/782075301350166528/yZ8rlG0p_400x400.jpg,0099B9,F,female,1091,1.0
15525361,F,Rachel Tayse,https://pbs.twimg.com/profile_images/826851535862714368/M7bXRUyJ_400x400.jpg,981CEB,F,female,4021,1.0
26178747,F,nina obrecht,https://pbs.twimg.com/profile_images/799690133071073280/UFCj0fVh_400x400.jpg,625E6F,F,female,1434,0.99
214727521,F,jonah‚ù§,https://pbs.twimg.com/profile_images/495671975529164800/JsB4YrO2_400x400.jpeg,0A5AFA,F,male,48,0.88
36394020,F,Roxanna Nicole,https://pbs.twimg.com/profile_images/949489961656619008/5SG8mqH6_400x400.jpg,ADCEFF,F,female,55,1.0
35285487,F,Taiyana Shavon,https://pbs.twimg.com/profile_images/902705906353401857/r5GWAqaU_400x400.jpg,FF691F,F,female,6,1.0
491609830,M,Matthew Adam Whisken,https://pbs.twimg.com/profile_images/765204512713957376/8qVtBasE_400x400.jpg,1DA1F2,unknown,male,3338,1.0
161844474,F,Tay.,https://pbs.twimg.com/profile_images/941165916104151040/6MXQ6aL-_400x400.jpg,2BB2F0,F,female,70,0.59
332594894,F,Vickie,https://pbs.twimg.com/profile_images/434369109548335104/Hz_qnDfq_400x400.jpeg,3ECC0E,F,female,311,1.0
110367072,F,ProfessionalJeweller,https://pbs.twimg.com/profile_images/948172343230320641/fbNqB3cC_400x400.jpg,FAB81E,M,unknown,unknown,unknown
325755553,F,Deja'Naee_‚ô°,https://pbs.twimg.com/profile_images/411890791858982914/wF8RmPQX_400x400.jpeg,FF0000,unknown,unknown,unknown,unknown
22166002,F,Becki,https://pbs.twimg.com/profile_images/934793126706864128/QkAPz_X7_400x400.jpg,FF0000,F,female,83,1.0
190269558,F,Vasashi,https://pbs.twimg.com/profile_images/949912138235236358/TsHBmNS-_400x400.jpg,FAB81E,M,unknown,unknown,unknown
582657942,F,Indira,https://pbs.twimg.com/profile_images/822476420215517185/FbwBWU2x_400x400.jpg,0084B4,F,female,96,0.98
218757666,M,King...,https://pbs.twimg.com/profile_images/1592340502/CallofDuty_400x400.png,009999,M,male,258,0.97
130190938,F,Ellen.,https://pbs.twimg.com/profile_images/646967141883846656/SBkpjimZ_400x400.jpg,B30000,F,female,942,1.0
237956963,M,AbsentThoughts,https://pbs.twimg.com/profile_images/807580061096361984/DN37hYgh_400x400.jpg,2FC2EF,M,unknown,unknown,unknown
390844730,F,ÎßÅ ‚ô°,https://pbs.twimg.com/profile_images/851830897414348800/JKYlrEy7_400x400.jpg,94D487,F,unknown,unknown,unknown
117738145,F,IG: dtasha,https://pbs.twimg.com/profile_images/866317186750595072/p10m9Thx_400x400.jpg,009999,F,male,3,1.0
283541392,F,Webcam Girls,https://pbs.twimg.com/profile_images/1314755171/2467872_400x400.jpg,981CEB,F,unknown,unknown,unknown
131292321,F,Verity Keniger,https://pbs.twimg.com/profile_images/1058134991/P1030816_400x400.jpg,18F77C,F,female,89,1.0
38686517,F,Camille,https://pbs.twimg.com/profile_images/903955812074131456/n4xKY7cE_400x400.jpg,3392DB,F,female,663,0.94
399336140,M,637_IWaitForJungSoo,https://pbs.twimg.com/profile_images/3019506405/15e23bdcd3456e5426bb4262cc184933_400x400.jpeg,0099CC,M,unknown,unknown,unknown
324260186,F,Nutella,https://pbs.twimg.com/profile_images/949256366836867072/Cnx4whHl_400x400.jpg,E633DA,F,unknown,unknown,unknown
177975060,F,Shane Ebalo,https://pbs.twimg.com/profile_images/3650478471/dfe37e67db18a20047d20936db6a394f_400x400.jpeg,5EC77F,F,male,963,0.91
118038031,F,Sarina Leah,https://pbs.twimg.com/profile_images/600189217470296064/-KxVXOIl_400x400.jpg,CE7834,F,female,55,1.0
25815224,M,Petri Aukia,https://pbs.twimg.com/profile_images/460827126476718080/wxs_4PnV_400x400.jpeg,FA743E,M,male,105,0.99
227981581,F,cha,https://pbs.twimg.com/profile_images/482127535828779009/pXwB76kn_400x400.png,999999,M,female,58,0.86
202486170,M,Calvin,https://pbs.twimg.com/profile_images/378800000537457377/111b8eeee450e7cc6946bafc28bf68eb_400x400.jpeg,616161,unknown,male,298,0.99
324668826,F,Stacy ‚ùÑÔ∏è,https://pbs.twimg.com/profile_images/824453210257629184/Ml7Pv_We_400x400.jpg,000000,F,female,799,0.95
200504345,F,Desy Minggar,https://pbs.twimg.com/profile_images/2378925180/IMG-20120707-01167_1_1_400x400.jpg,C34242,F,female,27,1.0
101060984,F,Jide I.,https://pbs.twimg.com/profile_images/853243281697906688/H5bDNRg1_400x400.jpg,19CF86,F,male,14,1.0
144845398,M,Karimi.,https://pbs.twimg.com/profile_images/884723690289713152/U18uP_65_400x400.jpg,1C5899,M,female,1,1.0
256247679,F,Ellie Pearson,https://pbs.twimg.com/profile_images/657597592054988800/oFuR2U77_400x400.jpg,009999,F,female,415,1.0
422753843,F,gina.,https://pbs.twimg.com/profile_images/896004519691247616/K-5K5Z8l_400x400.jpg,D6B11C,F,female,1320,1.0
158851208,M,Denton S. O. A. H.,https://pbs.twimg.com/profile_images/893455240669822977/v-S0LaGN_400x400.jpg,009999,unknown,male,7,1.0
535047282,F,Parish JM,https://pbs.twimg.com/profile_images/584768648373530624/JecYd-1u_400x400.jpg,1F98C7,F,male,13,1.0
467785352,F,Jennifer Sanchez,https://pbs.twimg.com/profile_images/1857031235/image_400x400.jpg,1DA1F2,F,female,6717,1.0
192851686,F,CHA,https://pbs.twimg.com/profile_images/952190295017365506/18hpluwm_400x400.jpg,8F531E,F,female,58,0.86
49464773,F,Jennie Tuck,https://pbs.twimg.com/profile_images/946387105416085504/PoayRlID_400x400.jpg,30A612,unknown,female,372,1.0
404139234,M,Tayman,https://pbs.twimg.com/profile_images/877556571500367872/71c7D8lm_400x400.jpg,009999,M,unknown,unknown,unknown
21398381,F,Clare St Clair,https://pbs.twimg.com/profile_images/2654960536/4c0df45e07db927efc2d66fc6f23ffc1_400x400.jpeg,B40B43,M,female,554,1.0
187016572,M,IG: @point_o_bbg,https://pbs.twimg.com/profile_images/910690810458337285/FCqiPC0m_400x400.jpg,E81C4F,unknown,male,3,1.0
441494152,F,lady sarah,https://pbs.twimg.com/profile_images/1941404853/41676_100001411057753_7433_n_400x400.jpg,1DA1F2,F,female,78,0.97
401169552,M,farouk,https://pbs.twimg.com/profile_images/929818765977460736/HW3FL4bh_400x400.jpg,E81C4F,M,male,23,1.0
63639520,M,Michael Trent,https://pbs.twimg.com/profile_images/747136831565799424/t11FgMil_400x400.jpg,6200B3,M,male,11094,1.0
336054306,M,Tana,https://pbs.twimg.com/profile_images/947639408861286406/oP3SDtfb_400x400.jpg,0084B4,M,female,20,0.95
147177063,F,Dagmar ~,https://pbs.twimg.com/profile_images/378800000702446734/4c0e98d667083562b266816a41d67765_400x400.jpeg,009999,F,female,50,1.0
18540190,F,Katie W.,https://pbs.twimg.com/profile_images/923722535983869953/VpReneXi_400x400.jpg,8F6C44,M,female,3741,1.0
22456817,M,Bryan Clark,https://pbs.twimg.com/profile_images/1975003560/image_400x400.jpg,0084B4,M,male,1311,1.0
309280084,F,Catalina.,https://pbs.twimg.com/profile_images/723230790767783938/JJZx654K_400x400.jpg,FF0000,F,female,367,0.98
18914744,F,Karen Sterling,https://pbs.twimg.com/profile_images/440583989615525889/TGz6o5qy_400x400.jpeg,FF0000,F,female,5462,1.0
341878362,F,Aquarius_Baby,https://pbs.twimg.com/profile_images/378800000772416968/d3b6c61ff1cc4fa8bdecb29723432e27_400x400.jpeg,CC3366,F,unknown,unknown,unknown
21781645,F,Jessica ÓÄ∞,https://pbs.twimg.com/profile_images/892934053787082754/mpl0dJPM_400x400.jpg,DD2E44,F,female,6696,1.0
352052398,F,Asiah ‚ú®,https://pbs.twimg.com/profile_images/952717144139079681/hejNQ2rv_400x400.jpg,990099,F,female,2,1.0
495466926,M,Dingman_,https://pbs.twimg.com/profile_images/484472779316535296/bm7LNayf_400x400.jpeg,2FC2EF,F,unknown,unknown,unknown
454276153,F,Lorraine Nugent,https://pbs.twimg.com/profile_images/2179035782/6AB2c8r0_400x400,1DA1F2,F,female,657,1.0
125069947,F,Danielle,https://pbs.twimg.com/profile_images/950094559178043394/q5vIg1J8_400x400.jpg,B40B43,F,female,2429,1.0
440424075,M,Milan Ticic,https://pbs.twimg.com/profile_images/931647687744802816/auGWxSeN_400x400.jpg,2FC2EF,unknown,male,236,0.98
6173342,M,Christian Stocker,https://pbs.twimg.com/profile_images/684102948591415296/-rBSq-52_400x400.jpg,0084B4,M,male,2548,0.99
309302452,M,Jay Sampson üí∞,https://pbs.twimg.com/profile_images/952704745738817536/kZ4Kh6si_400x400.jpg,0084B4,unknown,male,1882,0.9
40009960,M,Danilo Araujo,https://pbs.twimg.com/profile_images/2777284626/c8fa75aabdead59bd2ce6e45c8d295df_400x400.jpeg,0084B4,M,male,293,0.99
537706133,M,t@K¬°|| D@¬Æk$¬°n,https://pbs.twimg.com/profile_images/2237987551/w8Xp5V7d_400x400,1DA1F2,M,male,31,0.97
517851427,F,üíõ,https://pbs.twimg.com/profile_images/910252702906699779/gwNfSunf_400x400.jpg,DD2E44,F,unknown,unknown,unknown
224870708,M,KYE HALL.(WILLBANZ),https://pbs.twimg.com/profile_images/416198462263136257/ULbI-8S4_400x400.jpeg,1DA1F2,M,male,15,0.73
462923668,M,Jamaican Josh ‚ôªÔ∏è,https://pbs.twimg.com/profile_images/926610756333899776/aggeYXY9_400x400.jpg,9D582E,M,male,2,1.0
412717316,M,Eduardo Valtierra,https://pbs.twimg.com/profile_images/830432241260122112/xxFUbSmW_400x400.jpg,009999,M,male,1644,1.0
139929253,F,pau cervantes,https://pbs.twimg.com/profile_images/491557138481688576/2J-FITSl_400x400.jpeg,1DA1F2,unknown,female,208,0.65
148067522,F,Jade Lang,https://pbs.twimg.com/profile_images/2592456409/0m1hx33p4g19456trfys_400x400.jpeg,C2C2C2,F,female,760,0.96
501815996,F,kelsey hartley,https://pbs.twimg.com/profile_images/715342773113733121/XpCHgDgg_400x400.jpg,1DA1F2,F,female,803,0.97
178108127,F,L~Boogie,https://pbs.twimg.com/profile_images/471685084010270720/gmDtiBNr_400x400.jpeg,8A12EB,F,unknown,unknown,unknown
27679646,F,KH‚öìÔ∏è,https://pbs.twimg.com/profile_images/633366967609630724/QjLE6vyn_400x400.jpg,F50A7B,F,male,20,0.85
62922634,M,Kabelo TlouKgolo,https://pbs.twimg.com/profile_images/842537317185339396/gaJ56TvF_400x400.jpg,1DA1F2,M,male,16,1.0
399337363,F,You'reMine,https://pbs.twimg.com/profile_images/883221187240763393/lER-OsZo_400x400.jpg,038543,F,unknown,unknown,unknown
472958230,M,Abigail Sims,https://pbs.twimg.com/profile_images/1777960811/Will-Birch_400x400.jpg,1DA1F2,M,female,441,1.0
141354059,M,Gordy Camp 'Live',https://pbs.twimg.com/profile_images/839148995859591169/EPIZ7WYO_400x400.jpg,F00E0E,F,male,6,1.0
505064454,F,Gabbie Karnes,https://pbs.twimg.com/profile_images/3633623827/8286d291beeabe0450f30d1fc1ebab5d_400x400.jpeg,1DA1F2,F,female,8,1.0
77515271,M,kadafi‚òú^‚òû‚öñÔ∏è,https://pbs.twimg.com/profile_images/614807229196337152/_ZXdootY_400x400.jpg,0084B4,M,male,1,1.0
30797508,F,Allie Slocum,https://pbs.twimg.com/profile_images/950224612243263489/KzTtIR45_400x400.jpg,D6240D,F,female,297,0.99
277729298,M,"I, Larry Hendrix‚Ñ¢„ÄΩÔ∏è",https://pbs.twimg.com/profile_images/918988361712521216/oTAZzHp-_400x400.jpg,198708,unknown,male,972,1.0
406131811,M,Baba,https://pbs.twimg.com/profile_images/503054453964931072/THZw21Ad_400x400.jpeg,038543,M,male,51,0.88
251267113,M,#Dubbüö∂üèæ‚Ñ¢,https://pbs.twimg.com/profile_images/780453673369538564/14-6GGnD_400x400.jpg,3B94D9,M,unknown,unknown,unknown
216826541,F,QCExclusive,https://pbs.twimg.com/profile_images/725462426758615040/Q4nKkclX_400x400.jpg,EBB65A,unknown,unknown,unknown,unknown
168471547,F,Nia Triana,https://pbs.twimg.com/profile_images/3277784896/852afd13ecef324372077dc4039d7e97_400x400.jpeg,B40B43,F,female,139,0.99
342044195,F,rhi,https://pbs.twimg.com/profile_images/948870701313855488/thBO-mBG_400x400.jpg,0084B4,F,female,13,1.0
188173642,M,Ty $,https://pbs.twimg.com/profile_images/899839289709785089/dbhBRmvS_400x400.jpg,19CF86,M,male,210,0.9
88481488,F,grace oneill,https://pbs.twimg.com/profile_images/950509025862606849/UobRLZdA_400x400.jpg,BAEEF5,F,female,1125,0.99
331422421,F,Khamari üåª,https://pbs.twimg.com/profile_images/939302222592176133/0kpjPnAn_400x400.jpg,FF8FDC,F,female,1,1.0
205141598,F,DŒπŒ±Œ∑Œ± ŒúŒ±r—Å–µŒôŒ±,https://pbs.twimg.com/profile_images/378800000043863122/b035564d3feb6d0833e3dd8cc3bb20db_400x400.jpeg,038543,unknown,male,43,0.79
513351492,F,Samantha B,https://pbs.twimg.com/profile_images/864201858688180224/AG4WYCHp_400x400.jpg,1DA1F2,F,female,2438,1.0
186632638,M,Hameed,https://pbs.twimg.com/profile_images/1116764055/zain_400x400.png,038543,M,male,26,1.0
72701694,F,Melissa Grace,https://pbs.twimg.com/profile_images/784923061355241473/vx30shdc_400x400.jpg,0099B9,F,female,4400,1.0
21926014,M,Sabrina,https://pbs.twimg.com/profile_images/1595453268/you_mad_400x400.jpg,FF0000,M,female,1331,1.0
265296394,M,Ola,https://pbs.twimg.com/profile_images/835756082769313792/hKDJTBT7_400x400.jpg,1DA1F2,unknown,female,300,0.52
450794659,M,‚ö°Ô∏è,https://pbs.twimg.com/profile_images/893301233821286401/csYYN_H5_400x400.jpg,FF0000,unknown,unknown,unknown,unknown
298236155,F,Mary,https://pbs.twimg.com/profile_images/695757597341777920/1uDU5gzM_400x400.jpg,FF0000,F,female,4440,1.0
95520944,F,Aka,https://pbs.twimg.com/profile_images/893541362754355200/LQ49D3gR_400x400.jpg,009999,F,unknown,unknown,unknown
284439961,F,Meita Yuri,https://pbs.twimg.com/profile_images/479248632864993280/RCpq_mED_400x400.jpeg,B30089,F,female,5,1.0
234680171,F,ikr,https://pbs.twimg.com/profile_images/764012209504522242/mWN7_qa2_400x400.jpg,5D97F5,F,unknown,unknown,unknown
159350374,F,drowned fish ‚ù§,https://pbs.twimg.com/profile_images/378800000408630343/c730291d48bec1dd38739eb22360ef4d_400x400.jpeg,E92806,F,male,29,0.59
321044675,F,Ashley Barron,https://pbs.twimg.com/profile_images/948216540192759808/ICgEaGxw_400x400.jpg,7FDBB6,F,female,3897,0.9
410376169,M,Damian Michael,https://pbs.twimg.com/profile_images/940356994418053120/12EYC9Yq_400x400.jpg,0938F2,M,male,422,1.0
18897100,M,JGRAM,https://pbs.twimg.com/profile_images/70750056/jason_400x400.jpg,1DA1F2,M,unknown,unknown,unknown
537026765,M,HELMI SUHAIMI,https://pbs.twimg.com/profile_images/944951387502153729/g5-axUSe_400x400.jpg,121C1F,M,male,17,0.88
160801158,F,Jasmine Mon√©t‚Ñ¢,https://pbs.twimg.com/profile_images/943676059719012352/9aYdF7nT_400x400.jpg,060F0F,M,female,714,0.99
274989051,F,Tara Ackerman,https://pbs.twimg.com/profile_images/937532626033938433/jlkNbm3j_400x400.jpg,B40B43,unknown,female,1098,0.99
242337957,F,Wiwi Windiasari,https://pbs.twimg.com/profile_images/2494287508/pbtl2sm23mqf27u968jn_400x400.jpeg,27780C,unknown,female,19,0.89
237041582,F,The Wopster,https://pbs.twimg.com/profile_images/933564098364805121/wvopyLlW_400x400.jpg,25A170,F,female,1,1.0
78552510,M,siddique salim,https://pbs.twimg.com/profile_images/675886112657702912/hKNQfhZx_400x400.jpg,009999,unknown,male,8,1.0
131600756,M,James Lee Jobe,https://pbs.twimg.com/profile_images/950135470758838272/uupaz6UF_400x400.jpg,FAB81E,M,male,6359,0.99
169547797,M,‚àÜndy Duran,https://pbs.twimg.com/profile_images/729501207060865024/0EU2Tay0_400x400.jpg,AFC9AD,M,male,1,1.0
365184935,M,Nwani Raphael Vieyra,https://pbs.twimg.com/profile_images/785024626703360000/fjNszxyu_400x400.jpg,1DA1F2,M,male,246,1.0
319240755,F,Jody Atkinson,https://pbs.twimg.com/profile_images/1406853735/jody_close-up_twitter_400x400.jpg,1DA1F2,F,female,457,0.69
47626563,F,Laura,https://pbs.twimg.com/profile_images/672135597629263872/-vv3Yv3M_400x400.jpg,18F0BA,F,female,7953,1.0
231193432,F,IGchanteeisbeautiful,https://pbs.twimg.com/profile_images/597913918246416384/9dN6wcQQ_400x400.jpg,FF0000,F,unknown,unknown,unknown
294576299,F,nicol üåπ,https://pbs.twimg.com/profile_images/952632821457260544/ZMRXgJOK_400x400.jpg,E81C4F,F,female,58,1.0
411022196,M,karlita lopez,https://pbs.twimg.com/profile_images/1635826628/Wayne-Rooney_400x400.jpg,1DA1F2,M,female,45,1.0
368703422,F,LovinMyMan,https://pbs.twimg.com/profile_images/378800000776868602/a22b838b5b1385b1866a5849c83f4e51_400x400.jpeg,0084B4,F,unknown,unknown,unknown
408499083,F,Neenah,https://pbs.twimg.com/profile_images/3670401170/6dfa4feb80a92db9d237e82d398a3007_400x400.jpeg,0084B4,F,female,1,1.0
360678372,F,Anntonia‚ô•‚ô•,https://pbs.twimg.com/profile_images/378800000661457972/dcdce7f6ecf7c84136cc4b80203d5c80_400x400.jpeg,1DA1F2,M,unknown,unknown,unknown
63318161,F,Victoria ‚öìÔ∏è .,https://pbs.twimg.com/profile_images/930452556190572544/tCtp6MBO_400x400.jpg,FA0303,M,female,1879,1.0
53080986,F,Kelsey Lashmar,https://pbs.twimg.com/profile_images/813882527165321217/OiNvxyen_400x400.jpg,0B4475,F,female,803,0.97
385737141,F,Flo,https://pbs.twimg.com/profile_images/378800000092994044/3d1a7fc0e355120cb097e14494653e9d_400x400.jpeg,41444A,F,male,184,0.59
406757755,F,Dhea Amanda,https://pbs.twimg.com/profile_images/560076088882126849/nGSNeGLM_400x400.jpeg,0084B4,F,female,9,1.0
24695877,M,naz,https://pbs.twimg.com/profile_images/378800000820011334/acda2773366d8f4f4a28a2da9152b69a_400x400.jpeg,1DA1F2,M,female,50,0.7
310763778,F,CLAIRE PERALTA üåô,https://pbs.twimg.com/profile_images/891483137250738176/YQGrf_e-_400x400.jpg,9B7F7C,unknown,female,2587,1.0
100898152,F,Beautiful Addiction‚ôê,https://pbs.twimg.com/profile_images/439900088023130112/9H6jKoAl_400x400.jpeg,FF0000,F,unknown,unknown,unknown
32860692,F,JazzMoney,https://pbs.twimg.com/profile_images/836303286923898883/plmJUeZg_400x400.jpg,B40B43,F,unknown,unknown,unknown
423921958,F,Pretty Neisha,https://pbs.twimg.com/profile_images/809096468686479360/eiqKOu3G_400x400.jpg,1DA1F2,F,female,55,0.91
331912065,F,rach,https://pbs.twimg.com/profile_images/820876709822136325/_1doX0aO_400x400.jpg,D98BCD,F,female,72,0.94
118449356,F,Paula Anton,https://pbs.twimg.com/profile_images/378800000007018141/5712fdd824bd96346db372f7fa3f32aa_400x400.jpeg,461475,F,female,2298,0.99
205017583,M,Yogi Sliick,https://pbs.twimg.com/profile_images/933221129283620864/4Vzwv01i_400x400.jpg,0084B4,M,male,35,0.97
83104154,F,cheriaüîî,https://pbs.twimg.com/profile_images/952763916701990912/Te7dk1Wn_400x400.jpg,4F87E8,F,female,2,1.0
499472495,M,Dylan Shellhouse,https://pbs.twimg.com/profile_images/613469704137666560/sbi6BRdO_400x400.jpg,1DA1F2,M,male,785,0.99
437454449,F,Linda,https://pbs.twimg.com/profile_images/378800000281699739/6cebfd0b53c52ad98ba07ec47bd143d3_400x400.jpeg,FF0000,F,female,4323,1.0
163294086,M,Jordan Simms,https://pbs.twimg.com/profile_images/2314716959/JordanistheMANN_400x400.jpg,0084B4,F,male,1774,0.77
241646786,F,,https://pbs.twimg.com/profile_images/456907038967074816/51YJwI5C_400x400.jpeg,D915AF,unknown,unknown,unknown,unknown
268695100,M,JustinComeToSerbia,https://pbs.twimg.com/profile_images/3634581893/8dc21ab7b7bf99afc1cd7b1478bcc2c9_400x400.jpeg,0084B4,M,unknown,unknown,unknown
407377301,M,Kam,https://pbs.twimg.com/profile_images/921930333439873025/nCMC1uce_400x400.jpg,1DA1F2,unknown,female,80,0.61
159802857,F,cals,https://pbs.twimg.com/profile_images/721237468490518529/_XSdATBD_400x400.jpg,EB61CF,unknown,unknown,unknown,unknown
581521123,M,Regi Coleman,https://pbs.twimg.com/profile_images/508310392263950336/QM94-PzE_400x400.jpeg,0084B4,M,male,16,0.63
56730495,M,monsieur Kara,https://pbs.twimg.com/profile_images/947654951827845121/Mi8S3Rfm_400x400.jpg,4A913C,M,female,518,0.95
499737312,M,Omar,https://pbs.twimg.com/profile_images/947151728402722816/KxAsCOxL_400x400.jpg,1F98C7,unknown,male,1471,1.0
259934774,F,Sydney Huxtable,https://pbs.twimg.com/profile_images/946570629683269633/hZdx1OW3_400x400.jpg,A32FA3,F,female,242,0.95
97633322,F,Carla Kirsten,https://pbs.twimg.com/profile_images/797884122584600576/leBofP-I_400x400.jpg,ABB8C2,M,female,1583,1.0
373316213,M,Coach Rich,https://pbs.twimg.com/profile_images/2584107165/IMG00175-20120902-1556_400x400.jpg,2FC2EF,M,male,510,1.0
239995844,F,Omi,https://pbs.twimg.com/profile_images/950233270863659008/us4q9zag_400x400.jpg,0084B4,F,male,3,1.0
16614645,M,Mark Power,https://pbs.twimg.com/profile_images/784885580291268608/T8odc8dY_400x400.jpg,ABB8C2,M,male,6176,1.0
252068029,F,‚òº     .    ‚òΩ,https://pbs.twimg.com/profile_images/933357693342924800/rRgyz0mA_400x400.jpg,935967,unknown,unknown,unknown,unknown
23687626,F,son_BON,https://pbs.twimg.com/profile_images/592732033228644353/I-6e8NSo_400x400.jpg,4AFFA8,F,unknown,unknown,unknown
47873287,F,*,https://pbs.twimg.com/profile_images/942753620403011584/MgR-QMMX_400x400.jpg,F58EA8,unknown,unknown,unknown,unknown
398664967,F,Mee‚ô°,https://pbs.twimg.com/profile_images/502922165969518592/GNajdq-Y_400x400.jpeg,0D0808,F,male,25,0.56
327716575,F,:: Lowkey :: ‚ú®,https://pbs.twimg.com/profile_images/645275486873088000/WCcbyoL9_400x400.jpg,D02B55,F,male,2,1.0
83887737,M,Done,https://pbs.twimg.com/profile_images/806231636752924672/qH8PHNRQ_400x400.jpg,088253,M,male,7,0.71
230317306,F,Jessikagutmacher,https://pbs.twimg.com/profile_images/1969429398/image_400x400.jpg,1DA1F2,F,unknown,unknown,unknown
184598516,F,Becky Ann Dearman,https://pbs.twimg.com/profile_images/591770212837367808/E27l57Y5_400x400.jpg,ABB8C2,F,female,1447,1.0
533108405,F,sandria dickey,https://pbs.twimg.com/profile_images/2639705116/83c4ec964699cdd10679410272252fe1_400x400.jpeg,1DA1F2,unknown,female,5,1.0
431628145,F,‚ù§ S P Y ‚ù§,https://pbs.twimg.com/profile_images/926083664827445248/wD95RvGe_400x400.jpg,0084B4,F,male,42,0.67
391887061,M,Sam Fascione #56,https://pbs.twimg.com/profile_images/3001664210/2143175cd6c6143e431ad8271bc02318_400x400.jpeg,1DA1F2,M,male,3336,0.76
537144455,M,Mike Webb,https://pbs.twimg.com/profile_images/3737174882/d96977702a74b4bb90769a7a56df2cca_400x400.jpeg,009999,M,male,5595,1.0
258854030,F,UCAQT ‚Ñ¢,https://pbs.twimg.com/profile_images/2159744689/image_400x400.jpg,54C7B2,F,unknown,unknown,unknown
335241753,F,Colette,https://pbs.twimg.com/profile_images/683224517691375617/oK9QyGsp_400x400.jpg,0084B4,F,female,209,1.0
33611563,F,Nichole Chimere,https://pbs.twimg.com/profile_images/792513898301755393/MyU6emA4_400x400.jpg,0084B4,F,female,235,1.0
366303203,M,Cory Gardner,https://pbs.twimg.com/profile_images/629737162884390912/B8OTNS50_400x400.jpg,0084B4,M,male,574,0.92
536687218,M,Lex Skeen,https://pbs.twimg.com/profile_images/722667396880838656/c9309r4V_400x400.jpg,1DA1F2,M,male,89,0.82
362532109,M,Steve The Spur,https://pbs.twimg.com/profile_images/871289496653975553/V8sftJGf_400x400.jpg,89C9FA,M,male,3965,1.0
442855580,M,Don Mace,https://pbs.twimg.com/profile_images/727293850730008576/iUbb_1T0_400x400.jpg,0084B4,M,male,1025,0.99
296556353,F,Brittany Harris,https://pbs.twimg.com/profile_images/3397758531/a015f3a6b0be4ad74ae04ab04ada60d0_400x400.jpeg,CC3366,unknown,female,1512,0.99
490537888,F,gabs,https://pbs.twimg.com/profile_images/943897779969122304/ONpEallX_400x400.jpg,94D487,F,female,6,0.67
233575299,F,Nadya Damanik,https://pbs.twimg.com/profile_images/950789613102116864/O65KYptY_400x400.jpg,071E47,unknown,female,81,1.0
